﻿<?xml version="1.0" encoding="UTF-8"?>
<productMasterDataRequest xmlns="http://service.profashionsolutions.ru/fe714_r002" xmlns:xs="http://www.w3.org/2001/XMLSchema" xmlns:xsi="http://www.w3.org/2001/XMLSchema-instance">
	<main>
		<parents/>
		<typesItems>
			<typeItems id="efc7a940-1c50-4e9d-a02d-376c844c3c67">
				<name>Основной тип товара</name>
				<addFieldsItem>
					<field id="af06737a-94a6-473e-bd57-1cc66378d317" type="boolean" multiple="false">
						<name>Навеска</name>
					</field>
					<field id="c0ee2f86-a6e0-4b0a-8791-1d37bd665663" type="string" multiple="false">
						<name>Сезон</name>
					</field>
					<field id="85fe09d6-d9c6-4bc8-a947-e1d8893c7d08" type="string" multiple="false">
						<name>Торговая марка</name>
					</field>
				</addFieldsItem>
				<addFieldsSize/>
			</typeItems>
		</typesItems>
		<prices>
			<price id="2b0660e4-0e60-11e4-80c3-0050568d706a">
				<name>Цена розницы Основная</name>
				<currency>RUB</currency>
			</price>
		</prices>
		<commonAddFieldsItem/>
		<commonAddFieldsSize/>
	</main>
	<items>
		<item uuid="867f5c7f-4537-11ed-9ddb-0050568e2ffe">
			<typeItemId>efc7a940-1c50-4e9d-a02d-376c844c3c67</typeItemId>
			<article>DJ0135Y1</article>
			<name>Брюки женские DJ0135Y1 3О4307 Черный</name>
			<fullDescr>Базовые джинсы "5 карманов" универсального чёрного цвета. Однотонный деним на основе хлопка и модала комфортно облегает фигуру. Модель с притачным поясом со шлёвками под ремень, боковыми карманами и часовым карманом спереди, и накладными американскими сзади, декорированными фирменной строчкой. Универсальные джинсы станут альтернативой классическим брюкам для нестрого делового образа.</fullDescr>
			<materialDescr>Хлопок - 66%, Модал - 16%, Полиэстер - 16%, Эластан - 2%</materialDescr>
			<vatCode>vc_20</vatCode>
			<color>Черный</color>
			<packingUnit>
				<length>0</length>
				<width>0</width>
				<volume>0</volume>
				<weight>0</weight>
			</packingUnit>
			<sizesInfo>
				<sizeInfo size="0bb1ac2d-867b-11ed-9ddd-0050568e2ffe">
					<sizeText>170-100-108, р. 50</sizeText>
					<ean>2040119153387</ean>
					<ean>2040123327446</ean>
					<ean>2040125152251</ean>
					<prices>
						<price id="2b0660e4-0e60-11e4-80c3-0050568d706a">6999</price>
					</prices>
				</sizeInfo>
			</sizesInfo>
			<addFieldValues>
				<field id="af06737a-94a6-473e-bd57-1cc66378d317">false</field>
				<field id="c0ee2f86-a6e0-4b0a-8791-1d37bd665663">Осень Зима 2023</field>
				<field id="85fe09d6-d9c6-4bc8-a947-e1d8893c7d08">Lalis</field>
			</addFieldValues>
			<stateCodes>
				<tnved>6204623100</tnved>
				<okpd2/>
			</stateCodes>
		</item>
		<item uuid="c060b201-4df4-11ed-9ddb-0050568e2ffe">
			<typeItemId>efc7a940-1c50-4e9d-a02d-376c844c3c67</typeItemId>
			<article>PN0097V</article>
			<name>Шарф женский PN0097V 3О4368 Лиловый</name>
			<fullDescr>Вязаный палантин из шерстяного микса на основе мохера и овечьей шерсти.  Модель в трехцветной  гамме  связана гладкой вязкой. Широкий и длинный палантин можно носить на плечах, шее или накрыть им голову. В комплект к нему можно подобрать шапку и перчатки.</fullDescr>
			<materialDescr>Мат.верха - Акрил - 36%, Полиамид - 30%, Мохер - 30%, Овечья шерсть - 4%</materialDescr>
			<vatCode>vc_20</vatCode>
			<color>Лиловый</color>
			<packingUnit>
				<length>0</length>
				<width>0</width>
				<volume>0</volume>
				<weight>0.175</weight>
			</packingUnit>
			<sizesInfo>
				<sizeInfo size="1586db0b-502f-11ed-9ddb-0050568e2ffe">
					<sizeText>192*75</sizeText>
					<ean>2040113094334</ean>
					<ean>2040113094341</ean>
					<ean>2040120615409</ean>
					<prices>
						<price id="2b0660e4-0e60-11e4-80c3-0050568d706a">3499</price>
					</prices>
				</sizeInfo>
			</sizesInfo>
			<addFieldValues>
				<field id="af06737a-94a6-473e-bd57-1cc66378d317">false</field>
				<field id="c0ee2f86-a6e0-4b0a-8791-1d37bd665663">Осень Зима 2023</field>
				<field id="85fe09d6-d9c6-4bc8-a947-e1d8893c7d08">Elis</field>
			</addFieldValues>
			<stateCodes>
				<tnved>6117100000</tnved>
				<okpd2/>
			</stateCodes>
		</item>
		<item uuid="df48fe2c-5b51-11ed-9ddc-0050568e2ffe">
			<typeItemId>efc7a940-1c50-4e9d-a02d-376c844c3c67</typeItemId>
			<article>SK0354</article>
			<name>Юбка женская SK0354 3О4484 Черный</name>
			<fullDescr>Лаконичная юбка выполнена из плотной костюмной ткани базового чёрного цвета. Модель прямого силуэта, длиной до колена, с притачным поясом со шлевками под ремень и вертикальным рельефом с декоративной шлицей. Моделирующие талиевые вытачки обеспечивают комфортную посадку по фигуре. Составит однотонный образ с однобортным жакетом из той же ткани.</fullDescr>
			<materialDescr>Полиэстер - 72%, Вискоза - 21%, Спандекс - 7%</materialDescr>
			<vatCode>vc_20</vatCode>
			<color>Черный</color>
			<packingUnit>
				<length>0</length>
				<width>0</width>
				<volume>0</volume>
				<weight>0.212</weight>
			</packingUnit>
			<sizesInfo>
				<sizeInfo size="c32b7ede-8283-11ed-9ddd-0050568e2ffe">
					<sizeText>164/170-84-92, р. 42</sizeText>
					<ean>2040122050246</ean>
					<prices>
						<price id="2b0660e4-0e60-11e4-80c3-0050568d706a">4499</price>
					</prices>
				</sizeInfo>
				<sizeInfo size="c32b7ee1-8283-11ed-9ddd-0050568e2ffe">
					<sizeText>164/170-96-104, р. 48</sizeText>
					<ean>2040122050277</ean>
					<prices>
						<price id="2b0660e4-0e60-11e4-80c3-0050568d706a">4499</price>
					</prices>
				</sizeInfo>
			</sizesInfo>
			<addFieldValues>
				<field id="af06737a-94a6-473e-bd57-1cc66378d317">false</field>
				<field id="c0ee2f86-a6e0-4b0a-8791-1d37bd665663">Осень Зима 2023</field>
				<field id="85fe09d6-d9c6-4bc8-a947-e1d8893c7d08">Elis</field>
			</addFieldValues>
			<stateCodes>
				<tnved>6204530000</tnved>
				<okpd2/>
			</stateCodes>
		</item>
		<item uuid="3dec5eb3-63ef-11ed-9ddc-0050568e2ffe">
			<typeItemId>efc7a940-1c50-4e9d-a02d-376c844c3c67</typeItemId>
			<article>ITS0075K6</article>
			<name>Джемпер мужской ITS0075K6 3О4535 Темно-синий</name>
			<fullDescr>Базовая футболка тёмно-синего оттенка с минимамилистичным принтом и вышивкой на левом рукаве. Плотный хлопок идеально держит форму и не деформируется со временем. Свободный крой обеспечивает комфортную посадку. Модель прямого силуэта, с круглой горловиной, обработанной бейкой и коротким втачным рукавом с контрастным кантом. Базовая футболка удачно дополнит городской образ любой сложности.</fullDescr>
			<materialDescr>Хлопок - 100%</materialDescr>
			<vatCode>vc_20</vatCode>
			<color>Темно-синий</color>
			<packingUnit>
				<length>0</length>
				<width>0</width>
				<volume>0</volume>
				<weight>0.215</weight>
			</packingUnit>
			<sizesInfo>
				<sizeInfo size="b14b91fd-6571-11ed-9ddc-0050568e2ffe">
					<sizeText>182-100-88, р. 50</sizeText>
					<ean>2040114517061</ean>
					<ean>2040114517078</ean>
					<ean>2040121767749</ean>
					<prices>
						<price id="2b0660e4-0e60-11e4-80c3-0050568d706a">3499</price>
					</prices>
				</sizeInfo>
			</sizesInfo>
			<addFieldValues>
				<field id="af06737a-94a6-473e-bd57-1cc66378d317">false</field>
				<field id="c0ee2f86-a6e0-4b0a-8791-1d37bd665663">Осень Зима 2023</field>
				<field id="85fe09d6-d9c6-4bc8-a947-e1d8893c7d08">20line</field>
			</addFieldValues>
			<stateCodes>
				<tnved>6109100000</tnved>
				<okpd2/>
			</stateCodes>
		</item>
		<item uuid="3dec5ee3-63ef-11ed-9ddc-0050568e2ffe">
			<typeItemId>efc7a940-1c50-4e9d-a02d-376c844c3c67</typeItemId>
			<article>PN0006V5</article>
			<name>Шарф женский PN0006V5 3О4547 Фуксия</name>
			<fullDescr>Вязаный  палантин из мягкой тёплой пряжи на основе шерсти. Лаконичная модель оттенка фуксия</fullDescr>
			<materialDescr>Мат.верха - Акрил - 60%, Овечья шерсть - 20%, Вискоза - 20%</materialDescr>
			<vatCode>vc_20</vatCode>
			<color>Фуксия</color>
			<packingUnit>
				<length>0</length>
				<width>0</width>
				<volume>0</volume>
				<weight>0.208</weight>
			</packingUnit>
			<sizesInfo>
				<sizeInfo size="d2f55093-66fb-11ed-9ddc-0050568e2ffe">
					<sizeText>222*73</sizeText>
					<ean>2040114620815</ean>
					<ean>2040114620822</ean>
					<ean>2040119859753</ean>
					<prices>
						<price id="2b0660e4-0e60-11e4-80c3-0050568d706a">3499</price>
					</prices>
				</sizeInfo>
			</sizesInfo>
			<addFieldValues>
				<field id="af06737a-94a6-473e-bd57-1cc66378d317">false</field>
				<field id="c0ee2f86-a6e0-4b0a-8791-1d37bd665663">Осень Зима 2023</field>
				<field id="85fe09d6-d9c6-4bc8-a947-e1d8893c7d08">Elis</field>
			</addFieldValues>
			<stateCodes>
				<tnved>6117100000</tnved>
				<okpd2/>
			</stateCodes>
		</item>
		<item uuid="6d40c2b0-63fa-11ed-9ddc-0050568e2ffe">
			<typeItemId>efc7a940-1c50-4e9d-a02d-376c844c3c67</typeItemId>
			<article>GL0001V1</article>
			<name>Перчатки женские GL0001V1 3О4553 Серый</name>
			<fullDescr>Трикотажные перчатки из 100% шерсти мериноса нейтрального серого оттенка. Модель гладкой вязки изящно облегающая кисть, декорировнная металлическим мини-лого. Составят комплект с трикотажной шапкой и палантином из той же коллекции.</fullDescr>
			<materialDescr>Мат.верха - Шерсть мериноса - 100%</materialDescr>
			<vatCode>vc_20</vatCode>
			<color>Серый</color>
			<packingUnit>
				<length>0</length>
				<width>0</width>
				<volume>0</volume>
				<weight>0.05</weight>
			</packingUnit>
			<sizesInfo>
				<sizeInfo size="45fa13a4-64cc-11ed-9ddc-0050568e2ffe">
					<sizeText>16 (8)</sizeText>
					<ean>2040114493204</ean>
					<ean>2040114493211</ean>
					<ean>2040114493716</ean>
					<ean>2040114493723</ean>
					<ean>2040119090095</ean>
					<prices>
						<price id="2b0660e4-0e60-11e4-80c3-0050568d706a">2299</price>
					</prices>
				</sizeInfo>
			</sizesInfo>
			<addFieldValues>
				<field id="af06737a-94a6-473e-bd57-1cc66378d317">false</field>
				<field id="c0ee2f86-a6e0-4b0a-8791-1d37bd665663">Осень Зима 2023</field>
				<field id="85fe09d6-d9c6-4bc8-a947-e1d8893c7d08">Elis</field>
			</addFieldValues>
			<stateCodes>
				<tnved>6116910000</tnved>
				<okpd2/>
			</stateCodes>
		</item>
		<item uuid="6d40c2b4-63fa-11ed-9ddc-0050568e2ffe">
			<typeItemId>efc7a940-1c50-4e9d-a02d-376c844c3c67</typeItemId>
			<article>GL0001V1</article>
			<name>Перчатки женские GL0001V1 3О4554 Черный</name>
			<fullDescr>Трикотажные перчатки из 100%  шерсти мериноса нейтрального черного оттенка. Модель гладкой вязки изящно облегающая кисть, декорировнная металлическим мини-лого. Составят комплект с трикотажной шапкой и палантином из той же коллекции.</fullDescr>
			<materialDescr>Мат.верха - Шерсть мериноса - 100%</materialDescr>
			<vatCode>vc_20</vatCode>
			<color>Черный</color>
			<packingUnit>
				<length>0</length>
				<width>0</width>
				<volume>0</volume>
				<weight>0.05</weight>
			</packingUnit>
			<sizesInfo>
				<sizeInfo size="45fa13a5-64cc-11ed-9ddc-0050568e2ffe">
					<sizeText>16 (8)</sizeText>
					<ean>2040114493228</ean>
					<ean>2040114493235</ean>
					<ean>2040114493730</ean>
					<ean>2040114493747</ean>
					<ean>2040119327580</ean>
					<prices>
						<price id="2b0660e4-0e60-11e4-80c3-0050568d706a">2299</price>
					</prices>
				</sizeInfo>
			</sizesInfo>
			<addFieldValues>
				<field id="af06737a-94a6-473e-bd57-1cc66378d317">false</field>
				<field id="c0ee2f86-a6e0-4b0a-8791-1d37bd665663">Осень Зима 2023</field>
				<field id="85fe09d6-d9c6-4bc8-a947-e1d8893c7d08">Elis</field>
			</addFieldValues>
			<stateCodes>
				<tnved>6116910000</tnved>
				<okpd2/>
			</stateCodes>
		</item>
		<item uuid="6d40c2b8-63fa-11ed-9ddc-0050568e2ffe">
			<typeItemId>efc7a940-1c50-4e9d-a02d-376c844c3c67</typeItemId>
			<article>GL0001V1</article>
			<name>Перчатки женские GL0001V1 3О4555 Бежевый меланж</name>
			<fullDescr>Трикотажные перчатки из 100%  шерсти мериноса нейтрального черного оттенка. Модель гладкой вязки изящно облегающая кисть, декорировнная металлическим мини-лого. Составят комплект с трикотажной шапкой и палантином из той же коллекции.</fullDescr>
			<materialDescr>Мат.верха - Шерсть мериноса - 100%</materialDescr>
			<vatCode>vc_20</vatCode>
			<color>Бежевый меланж</color>
			<packingUnit>
				<length>0</length>
				<width>0</width>
				<volume>0</volume>
				<weight>0.05</weight>
			</packingUnit>
			<sizesInfo>
				<sizeInfo size="45fa13a6-64cc-11ed-9ddc-0050568e2ffe">
					<sizeText>16 (8)</sizeText>
					<ean>2040114493242</ean>
					<ean>2040114493259</ean>
					<ean>2040114493754</ean>
					<ean>2040114493761</ean>
					<ean>2040119611757</ean>
					<prices>
						<price id="2b0660e4-0e60-11e4-80c3-0050568d706a">2299</price>
					</prices>
				</sizeInfo>
			</sizesInfo>
			<addFieldValues>
				<field id="af06737a-94a6-473e-bd57-1cc66378d317">false</field>
				<field id="c0ee2f86-a6e0-4b0a-8791-1d37bd665663">Осень Зима 2023</field>
				<field id="85fe09d6-d9c6-4bc8-a947-e1d8893c7d08">Elis</field>
			</addFieldValues>
			<stateCodes>
				<tnved>6116910000</tnved>
				<okpd2/>
			</stateCodes>
		</item>
		<item uuid="b6dd1a5c-6fbd-11ed-9ddc-0050568e2ffe">
			<typeItemId>efc7a940-1c50-4e9d-a02d-376c844c3c67</typeItemId>
			<article>IDJ00285Y1</article>
			<name>Брюки мужские IDJ00285Y1 3О4825 Черный</name>
			<fullDescr>Базовые джинсы "5 карманов" практичного чёрного цвета выполнены из денима на основе хлопка с добавлением волокон эластана. Модель прямого силуэта, с притачным поясом со шлевками под ремень, боковыми карманами с часовым карманом спереди и накладными американскими сзади. Универсальные джинсы дополнят как лук в стиле кэжуал, так и станут альтернативой классическим брюкам для нестрогого офисного образа.</fullDescr>
			<materialDescr>Хлопок - 98%, Эластан - 2%</materialDescr>
			<vatCode>vc_20</vatCode>
			<color>Черный</color>
			<packingUnit>
				<length>0</length>
				<width>0</width>
				<volume>0</volume>
				<weight>0.563</weight>
			</packingUnit>
			<sizesInfo>
				<sizeInfo size="e231ce13-803d-11ed-9ddd-0050568e2ffe">
					<sizeText>182-100-88, р. 50</sizeText>
					<ean>2040119859050</ean>
					<ean>2040123386191</ean>
					<prices>
						<price id="2b0660e4-0e60-11e4-80c3-0050568d706a">6999</price>
					</prices>
				</sizeInfo>
			</sizesInfo>
			<addFieldValues>
				<field id="af06737a-94a6-473e-bd57-1cc66378d317">false</field>
				<field id="c0ee2f86-a6e0-4b0a-8791-1d37bd665663">Осень Зима 2023</field>
				<field id="85fe09d6-d9c6-4bc8-a947-e1d8893c7d08">20line</field>
			</addFieldValues>
			<stateCodes>
				<tnved>6203423100</tnved>
				<okpd2/>
			</stateCodes>
		</item>
		<item uuid="4263ea37-7139-11ed-9ddd-0050568e2ffe">
			<typeItemId>efc7a940-1c50-4e9d-a02d-376c844c3c67</typeItemId>
			<article>IPO0049VY1</article>
			<name>Джемпер мужской IPO0049VY1 3О4943 Синий</name>
			<fullDescr>Комфортное вязаное поло универсального синего оттенка. Выполнено из плотной хлопковой пряжи, мягкий дышащий материал не препятствует циркуляции воздуха и удобно садится по фигуре. Модель прямого силуэта, с отложным воротникои и застёжкой на три пуговицы, длинным втачным рукавом на манжете и удобным манжетом по низу изделия. Уютное поло в стиле смарт-кэжуал легко сочетать с джинсами, брюками или чиносами.</fullDescr>
			<materialDescr>Хлопок - 100%</materialDescr>
			<vatCode>vc_20</vatCode>
			<color>Синий</color>
			<packingUnit>
				<length>0</length>
				<width>0</width>
				<volume>0</volume>
				<weight>0.377</weight>
			</packingUnit>
			<sizesInfo>
				<sizeInfo size="90e7eebb-84ed-11ed-9ddd-0050568e2ffe">
					<sizeText>182-96-84, р. 48</sizeText>
					<ean>2040119611825</ean>
					<ean>2040120071229</ean>
					<prices>
						<price id="2b0660e4-0e60-11e4-80c3-0050568d706a">5999</price>
					</prices>
				</sizeInfo>
				<sizeInfo size="90e7eebc-84ed-11ed-9ddd-0050568e2ffe">
					<sizeText>182-100-88, р. 50</sizeText>
					<ean>2040119611832</ean>
					<ean>2040123031862</ean>
					<prices>
						<price id="2b0660e4-0e60-11e4-80c3-0050568d706a">5999</price>
					</prices>
				</sizeInfo>
				<sizeInfo size="90e7eebd-84ed-11ed-9ddd-0050568e2ffe">
					<sizeText>182-104-92, р. 52</sizeText>
					<ean>2040119611849</ean>
					<ean>2040120071236</ean>
					<prices>
						<price id="2b0660e4-0e60-11e4-80c3-0050568d706a">5999</price>
					</prices>
				</sizeInfo>
			</sizesInfo>
			<addFieldValues>
				<field id="af06737a-94a6-473e-bd57-1cc66378d317">false</field>
				<field id="c0ee2f86-a6e0-4b0a-8791-1d37bd665663">Осень Зима 2023</field>
				<field id="85fe09d6-d9c6-4bc8-a947-e1d8893c7d08">20line</field>
			</addFieldValues>
			<stateCodes>
				<tnved>6110201000</tnved>
				<okpd2/>
			</stateCodes>
		</item>
		<item uuid="4263ea3b-7139-11ed-9ddd-0050568e2ffe">
			<typeItemId>efc7a940-1c50-4e9d-a02d-376c844c3c67</typeItemId>
			<article>IPO0049VY1</article>
			<name>Джемпер мужской IPO0049VY1 3О4944 Бежевый</name>
			<fullDescr>Вязаное поло оттенка экрю с легким меланжем. Выполнено из плотной хлопковой пряжи, мягкий дышащий материал не препятствует циркуляции воздуха и удобно садится по фигуре. Модель прямого силуэта, с отложным воротникои и застёжкой на три пуговицы, длинным втачным рукавом на манжете и удобным манжетом по низу изделия. Уютное поло в стиле смарт - кэжуал легко сочетать с джинсами, брюками или чиносами.</fullDescr>
			<materialDescr>Хлопок - 100%</materialDescr>
			<vatCode>vc_20</vatCode>
			<color>Бежевый</color>
			<packingUnit>
				<length>0</length>
				<width>0</width>
				<volume>0</volume>
				<weight>0.377</weight>
			</packingUnit>
			<sizesInfo>
				<sizeInfo size="90e7eec2-84ed-11ed-9ddd-0050568e2ffe">
					<sizeText>182-100-88, р. 50</sizeText>
					<ean>2040119611924</ean>
					<ean>2040123031176</ean>
					<prices>
						<price id="2b0660e4-0e60-11e4-80c3-0050568d706a">5999</price>
					</prices>
				</sizeInfo>
			</sizesInfo>
			<addFieldValues>
				<field id="af06737a-94a6-473e-bd57-1cc66378d317">false</field>
				<field id="c0ee2f86-a6e0-4b0a-8791-1d37bd665663">Осень Зима 2023</field>
				<field id="85fe09d6-d9c6-4bc8-a947-e1d8893c7d08">20line</field>
			</addFieldValues>
			<stateCodes>
				<tnved>6110201000</tnved>
				<okpd2/>
			</stateCodes>
		</item>
		<item uuid="189643ca-777f-11ed-9ddd-0050568e2ffe">
			<typeItemId>efc7a940-1c50-4e9d-a02d-376c844c3c67</typeItemId>
			<article>BL1152K</article>
			<name>Блузка женская BL1152K 3О5158 Бежевый</name>
			<fullDescr>Фактурная водолазка в крупный рубчик оттенка экрю. Плотная мягкая вискоза приятна к телу, а эластичные волокна нейлона отвечают за комфортную посадку. Модель полуприлегающего силуэта, с естественной линией плеча, длинным втачным рукавом и высоким эстетичным воротником-стойкой, выгодно подчеркивающим линию шеи. Водолазку можно дополнить как трендовыми брюками-палаццо, так и базовыми джинсами или юбкой.</fullDescr>
			<materialDescr>Вискоза - 50%, Полиэстер - 28%, Нейлон - 22%</materialDescr>
			<vatCode>vc_20</vatCode>
			<color>Бежевый</color>
			<packingUnit>
				<length>0</length>
				<width>0</width>
				<volume>0</volume>
				<weight>0.213</weight>
			</packingUnit>
			<sizesInfo>
				<sizeInfo size="f933a74e-85ed-11ed-9ddd-0050568e2ffe">
					<sizeText>164/170-92-100, р. 46</sizeText>
					<ean>2040122331413</ean>
					<ean>2040122839391</ean>
					<prices>
						<price id="2b0660e4-0e60-11e4-80c3-0050568d706a">3499</price>
					</prices>
				</sizeInfo>
			</sizesInfo>
			<addFieldValues>
				<field id="af06737a-94a6-473e-bd57-1cc66378d317">false</field>
				<field id="c0ee2f86-a6e0-4b0a-8791-1d37bd665663">Осень Зима 2023</field>
				<field id="85fe09d6-d9c6-4bc8-a947-e1d8893c7d08">Elis</field>
			</addFieldValues>
			<stateCodes>
				<tnved>6110301000</tnved>
				<okpd2/>
			</stateCodes>
		</item>
		<item uuid="d562b6c9-8109-11ed-9ddd-0050568e2ffe">
			<typeItemId>efc7a940-1c50-4e9d-a02d-376c844c3c67</typeItemId>
			<article>IJM0050V</article>
			<name>Джемпер мужской IJM0050V 3О5391 Синий меланж</name>
			<fullDescr>Комфортный вязаный меланжевый джемпер синего цвета. Выполнен из мягкой пряжи с добавлением овечьей шерсти. Модель прямого силуэта, с длинным втачным рукавом с манжетом, манжетом по низу изделия и воротником стойкой в крупный рубчик. Джемпер можно сочетать как с брюками, так и с джинсами или карго.</fullDescr>
			<materialDescr>Акрил - 70%, Овечья шерсть - 30%</materialDescr>
			<vatCode>vc_20</vatCode>
			<color>Синий меланж</color>
			<packingUnit>
				<length>0</length>
				<width>0</width>
				<volume>0</volume>
				<weight>0.386</weight>
			</packingUnit>
			<sizesInfo>
				<sizeInfo size="fa2f064a-85e4-11ed-9ddd-0050568e2ffe">
					<sizeText>182-104-92, р. 52</sizeText>
					<ean>2040121163053</ean>
					<prices>
						<price id="2b0660e4-0e60-11e4-80c3-0050568d706a">5999</price>
					</prices>
				</sizeInfo>
			</sizesInfo>
			<addFieldValues>
				<field id="af06737a-94a6-473e-bd57-1cc66378d317">false</field>
				<field id="c0ee2f86-a6e0-4b0a-8791-1d37bd665663">Осень Зима 2023</field>
				<field id="85fe09d6-d9c6-4bc8-a947-e1d8893c7d08">20line</field>
			</addFieldValues>
			<stateCodes>
				<tnved>6110309100</tnved>
				<okpd2/>
			</stateCodes>
		</item>
		<item uuid="7368a479-810a-11ed-9ddd-0050568e2ffe">
			<typeItemId>efc7a940-1c50-4e9d-a02d-376c844c3c67</typeItemId>
			<article>IPT0005K</article>
			<name>Брюки мужские IPT0005K 3О5407 Оливковый</name>
			<fullDescr>Практичные спортивные брюки трендового оливкового оттенка выполнены из фирменного трикотажа. Тёплый мягкий материал на основе хлопка поддерживает оптимальную температуру тела. Модель прямого силуэта с эластичным поясом, прорезными карманами по бокам и одним накладным – сзади, манжетами снизу. Составят комплект с толстовкой из той же коллекции.</fullDescr>
			<materialDescr>Полиэстер - 62%, Хлопок - 38%</materialDescr>
			<vatCode>vc_20</vatCode>
			<color>Оливковый</color>
			<packingUnit>
				<length>0</length>
				<width>0</width>
				<volume>0</volume>
				<weight>0.529</weight>
			</packingUnit>
			<sizesInfo>
				<sizeInfo size="a2d88b74-85e6-11ed-9ddd-0050568e2ffe">
					<sizeText>182-100-88, р. 50</sizeText>
					<ean>2040121610601</ean>
					<prices>
						<price id="2b0660e4-0e60-11e4-80c3-0050568d706a">5999</price>
					</prices>
				</sizeInfo>
			</sizesInfo>
			<addFieldValues>
				<field id="af06737a-94a6-473e-bd57-1cc66378d317">false</field>
				<field id="c0ee2f86-a6e0-4b0a-8791-1d37bd665663">Осень Зима 2023</field>
				<field id="85fe09d6-d9c6-4bc8-a947-e1d8893c7d08">20line</field>
			</addFieldValues>
			<stateCodes>
				<tnved>6103430001</tnved>
				<okpd2/>
			</stateCodes>
		</item>
		<item uuid="cad440af-810a-11ed-9ddd-0050568e2ffe">
			<typeItemId>efc7a940-1c50-4e9d-a02d-376c844c3c67</typeItemId>
			<article>IVD0009V6Y1</article>
			<name>Свитер мужской IVD0009V6Y1 3О5423 Коричневый</name>
			<fullDescr>Комфортная вязаная водолазка глубокого орехового оттенка. Выполнена из фирменной пряжи на основе хлопка с добавлением шерсти мериноса. Модель прямого силуэта, с воротником-стойкой с отворотом и длинным втачным рукавом. Манжеты на рукавах, воротник и манжет по низу изделия оформлены подвязом. Водолазка в стиле смарт-кэжуал станет альтернативой привычным свитерам и лонгсливам.</fullDescr>
			<materialDescr>Хлопок - 70%, Шерсть мериноса - 30%</materialDescr>
			<vatCode>vc_20</vatCode>
			<color>Коричневый</color>
			<packingUnit>
				<length>0</length>
				<width>0</width>
				<volume>0</volume>
				<weight>0</weight>
			</packingUnit>
			<sizesInfo>
				<sizeInfo size="b1acfd27-85ea-11ed-9ddd-0050568e2ffe">
					<sizeText>182-104-92, р. 52</sizeText>
					<ean>2040120134771</ean>
					<ean>2040123523350</ean>
					<prices>
						<price id="2b0660e4-0e60-11e4-80c3-0050568d706a">5999</price>
					</prices>
				</sizeInfo>
			</sizesInfo>
			<addFieldValues>
				<field id="af06737a-94a6-473e-bd57-1cc66378d317">false</field>
				<field id="c0ee2f86-a6e0-4b0a-8791-1d37bd665663">Осень Зима 2023</field>
				<field id="85fe09d6-d9c6-4bc8-a947-e1d8893c7d08">20line</field>
			</addFieldValues>
			<stateCodes>
				<tnved>6110201000</tnved>
				<okpd2/>
			</stateCodes>
		</item>
		<item uuid="cad440c3-810a-11ed-9ddd-0050568e2ffe">
			<typeItemId>efc7a940-1c50-4e9d-a02d-376c844c3c67</typeItemId>
			<article>IVD0015V</article>
			<name>Свитер мужской IVD0015V 3О5428 Хаки</name>
			<fullDescr>Актуальная вязаная водолазка трендового оттенка хаки. Шерсть мериноса в составе надёжно сохраняет тепло, фирменная эластичная вязка обеспечивает комфортную посадку по фигуре. Модель прямого силуэта, с естественной линией плеча и длинным втачным рукавом. Воротник-стойка с отворотом, манжеты на рукавах и манжет по низу изделия - в мелкий фактурный рубчик. Уютная водолазка дополнит как лук в стиле кэжуал, так и нестрогий деловой образ.</fullDescr>
			<materialDescr>Шерсть мериноса - 50%, Акрил - 50%</materialDescr>
			<vatCode>vc_20</vatCode>
			<color>Хаки</color>
			<packingUnit>
				<length>0</length>
				<width>0</width>
				<volume>0</volume>
				<weight>0.33</weight>
			</packingUnit>
			<sizesInfo>
				<sizeInfo size="b1acfd3a-85ea-11ed-9ddd-0050568e2ffe">
					<sizeText>182-108-96, р. 54</sizeText>
					<ean>2040121213789</ean>
					<prices>
						<price id="2b0660e4-0e60-11e4-80c3-0050568d706a">6999</price>
					</prices>
				</sizeInfo>
			</sizesInfo>
			<addFieldValues>
				<field id="af06737a-94a6-473e-bd57-1cc66378d317">false</field>
				<field id="c0ee2f86-a6e0-4b0a-8791-1d37bd665663">Осень Зима 2023</field>
				<field id="85fe09d6-d9c6-4bc8-a947-e1d8893c7d08">20line</field>
			</addFieldValues>
			<stateCodes>
				<tnved>6110301000</tnved>
				<okpd2/>
			</stateCodes>
		</item>
		<item uuid="cad440cb-810a-11ed-9ddd-0050568e2ffe">
			<typeItemId>efc7a940-1c50-4e9d-a02d-376c844c3c67</typeItemId>
			<article>TR0325K</article>
			<name>Брюки женские TR0325K 3О5430 Черный</name>
			<fullDescr>Трендовые брюки-палаццо базового чёрного цвета. Модель прямого кроя, с поясом на тонкой резинке, без внешних боковых швов. Свободный силуэт обеспечивает комфортную посадку на любой тип фигуры. Образ можно дополнить фантазийной или базовой блузой контрастного оттенка, а также туфлями на каблуке любой высоты.</fullDescr>
			<materialDescr>Полиэстер - 95%, Спандекс - 5%</materialDescr>
			<vatCode>vc_20</vatCode>
			<color>Черный</color>
			<packingUnit>
				<length>0</length>
				<width>0</width>
				<volume>0</volume>
				<weight>0.38</weight>
			</packingUnit>
			<sizesInfo>
				<sizeInfo size="21940503-85eb-11ed-9ddd-0050568e2ffe">
					<sizeText>164/170-88-96, р. 44</sizeText>
					<ean>2040121855323</ean>
					<prices>
						<price id="2b0660e4-0e60-11e4-80c3-0050568d706a">5999</price>
					</prices>
				</sizeInfo>
				<sizeInfo size="69a21830-85ed-11ed-9ddd-0050568e2ffe">
					<sizeText>164/170-92-100, р. 46</sizeText>
					<ean>2040120510056</ean>
					<ean>2040121855293</ean>
					<prices>
						<price id="2b0660e4-0e60-11e4-80c3-0050568d706a">5999</price>
					</prices>
				</sizeInfo>
				<sizeInfo size="69a21832-85ed-11ed-9ddd-0050568e2ffe">
					<sizeText>164/170-100-108, р. 50</sizeText>
					<ean>2040121855316</ean>
					<prices>
						<price id="2b0660e4-0e60-11e4-80c3-0050568d706a">5999</price>
					</prices>
				</sizeInfo>
			</sizesInfo>
			<addFieldValues>
				<field id="af06737a-94a6-473e-bd57-1cc66378d317">false</field>
				<field id="c0ee2f86-a6e0-4b0a-8791-1d37bd665663">Осень Зима 2023</field>
				<field id="85fe09d6-d9c6-4bc8-a947-e1d8893c7d08">Elis</field>
			</addFieldValues>
			<stateCodes>
				<tnved>6104630000</tnved>
				<okpd2/>
			</stateCodes>
		</item>
		<item uuid="82b306e1-810d-11ed-9ddd-0050568e2ffe">
			<typeItemId>efc7a940-1c50-4e9d-a02d-376c844c3c67</typeItemId>
			<article>TS0035KY1</article>
			<name>Блузка женская TS0035KY1 3О5433 Белый</name>
			<fullDescr>Белоснежная базовая футболка-поло. Выполнена из плотного хлопкового трикотажа с добавлением эластана для комфортной посадки. Дышащий материал идеально держит форму и приятен к коже. Модель прямого силуэта, с естественной линией плеча, цельнокроенным рукавоми и отложным воротником. Свободный крой обеспечивает комфортную посадку на любой тип фигуры. Лёгкая футболка идеально впишется в повседневный гардероб.</fullDescr>
			<materialDescr>Хлопок - 92%, Полиуретан - 8%</materialDescr>
			<vatCode>vc_20</vatCode>
			<color>Белый</color>
			<packingUnit>
				<length>0</length>
				<width>0</width>
				<volume>0</volume>
				<weight>0</weight>
			</packingUnit>
			<sizesInfo>
				<sizeInfo size="6f6b4ff8-85ee-11ed-9ddd-0050568e2ffe">
					<sizeText>164/170-92-100, р. 46</sizeText>
					<ean>2040117294242</ean>
					<ean>2040121602033</ean>
					<ean>2040122525294</ean>
					<ean>2040122525393</ean>
					<ean>2040122629060</ean>
					<ean>2040122629077</ean>
					<ean>2040122828777</ean>
					<prices>
						<price id="2b0660e4-0e60-11e4-80c3-0050568d706a">2999</price>
					</prices>
				</sizeInfo>
			</sizesInfo>
			<addFieldValues>
				<field id="af06737a-94a6-473e-bd57-1cc66378d317">false</field>
				<field id="c0ee2f86-a6e0-4b0a-8791-1d37bd665663">Осень Зима 2023</field>
				<field id="85fe09d6-d9c6-4bc8-a947-e1d8893c7d08">Elis</field>
			</addFieldValues>
			<stateCodes>
				<tnved>6106100000</tnved>
				<okpd2/>
			</stateCodes>
		</item>
		<item uuid="82b30719-810d-11ed-9ddd-0050568e2ffe">
			<typeItemId>efc7a940-1c50-4e9d-a02d-376c844c3c67</typeItemId>
			<article>BL1152K</article>
			<name>Блузка женская BL1152K 3О5447 Черный</name>
			<fullDescr>Универсальная водолазка чёрного цвета в крупный фактурный рубчик. Плотная мягкая вискоза приятна к телу, а эластичные волокна нейлона отвечают за комфортную посадку. Модель полуприлегающего силуэта, с естественной линией плеча, длинным втачным рукавом и высоким эстетичным воротником-стойкой, выгодно подчеркивающим линию шеи. Водолазку можно дополнить как трендовыми брюками-палаццо, так и базовыми джинсами или юбкой.</fullDescr>
			<materialDescr>Вискоза - 50%, Полиэстер - 28%, Нейлон - 22%</materialDescr>
			<vatCode>vc_20</vatCode>
			<color>Черный</color>
			<packingUnit>
				<length>0</length>
				<width>0</width>
				<volume>0</volume>
				<weight>0.213</weight>
			</packingUnit>
			<sizesInfo>
				<sizeInfo size="f933a76d-85ed-11ed-9ddd-0050568e2ffe">
					<sizeText>164/170-96-104, р. 48</sizeText>
					<ean>2040121958451</ean>
					<ean>2040122840588</ean>
					<prices>
						<price id="2b0660e4-0e60-11e4-80c3-0050568d706a">3499</price>
					</prices>
				</sizeInfo>
				<sizeInfo size="f933a76e-85ed-11ed-9ddd-0050568e2ffe">
					<sizeText>164/170-100-108, р. 50</sizeText>
					<ean>2040121958437</ean>
					<ean>2040122840564</ean>
					<prices>
						<price id="2b0660e4-0e60-11e4-80c3-0050568d706a">3499</price>
					</prices>
				</sizeInfo>
			</sizesInfo>
			<addFieldValues>
				<field id="af06737a-94a6-473e-bd57-1cc66378d317">false</field>
				<field id="c0ee2f86-a6e0-4b0a-8791-1d37bd665663">Осень Зима 2023</field>
				<field id="85fe09d6-d9c6-4bc8-a947-e1d8893c7d08">Elis</field>
			</addFieldValues>
			<stateCodes>
				<tnved>6110301000</tnved>
				<okpd2/>
			</stateCodes>
		</item>
		<item uuid="7877c2c5-810e-11ed-9ddd-0050568e2ffe">
			<typeItemId>efc7a940-1c50-4e9d-a02d-376c844c3c67</typeItemId>
			<article>DR0572K</article>
			<name>Платье женское DR0572K 3О5452 Желтый</name>
			<fullDescr>Яркое платье насыщенного жёлтого цвета. Выполнено из плотного гладкого вискозного трикотажа. Модель прямого силуэта, с V-образным вырезом горловины, чуть спущенной линией плеча и длинным втачным рукавом. Комфортный крой обеспечивает удачную посадку на любой тип фигуры. Длина изделия оптимальная - чуть ниже линии колена. Образ можно дополнить челси или лоферами.</fullDescr>
			<materialDescr>Вискоза - 70%, Полиэстер - 25%, Эластан - 5%</materialDescr>
			<vatCode>vc_20</vatCode>
			<color>Желтый</color>
			<packingUnit>
				<length>0</length>
				<width>0</width>
				<volume>0</volume>
				<weight>0.444</weight>
			</packingUnit>
			<sizesInfo>
				<sizeInfo size="3ea72e29-85ee-11ed-9ddd-0050568e2ffe">
					<sizeText>164/170-92-100, р. 46</sizeText>
					<ean>2040121707318</ean>
					<prices>
						<price id="2b0660e4-0e60-11e4-80c3-0050568d706a">4999</price>
					</prices>
				</sizeInfo>
			</sizesInfo>
			<addFieldValues>
				<field id="af06737a-94a6-473e-bd57-1cc66378d317">false</field>
				<field id="c0ee2f86-a6e0-4b0a-8791-1d37bd665663">Осень Зима 2023</field>
				<field id="85fe09d6-d9c6-4bc8-a947-e1d8893c7d08">Elis</field>
			</addFieldValues>
			<stateCodes>
				<tnved>6104440000</tnved>
				<okpd2/>
			</stateCodes>
		</item>
		<item uuid="7877c2e9-810e-11ed-9ddd-0050568e2ffe">
			<typeItemId>efc7a940-1c50-4e9d-a02d-376c844c3c67</typeItemId>
			<article>JM0049V</article>
			<name>Джемпер женский JM0049V 3О5461 Молочный</name>
			<fullDescr>Фактурный вязаный джемпер молочного оттенка в полоску. Ажурное переплетение полуфанг добавляет невесомого объёма. Мягкая пряжа с добавленеим натурального мохера и овечьей шерсти отлично согревает и долго сохраняет первозданный внешний вид. Модель прямого силуэта, с круглой горловиной, спущенной линией плеча и длинным объемным рукавом. Образ можно дополнить джинсами и челси.</fullDescr>
			<materialDescr>Акрил - 36%, Полиамид - 30%, Мохер - 30%, Овечья шерсть - 4%</materialDescr>
			<vatCode>vc_20</vatCode>
			<color>Молочный</color>
			<packingUnit>
				<length>0</length>
				<width>0</width>
				<volume>0</volume>
				<weight>0.356</weight>
			</packingUnit>
			<sizesInfo>
				<sizeInfo size="3ea72e13-85ee-11ed-9ddd-0050568e2ffe">
					<sizeText>164/170-88-96, р. 44</sizeText>
					<ean>2040121609667</ean>
					<ean>2040121942634</ean>
					<prices>
						<price id="2b0660e4-0e60-11e4-80c3-0050568d706a">7999</price>
					</prices>
				</sizeInfo>
				<sizeInfo size="3ea72e14-85ee-11ed-9ddd-0050568e2ffe">
					<sizeText>164/170-92-100, р. 46</sizeText>
					<ean>2040121609636</ean>
					<ean>2040121942603</ean>
					<prices>
						<price id="2b0660e4-0e60-11e4-80c3-0050568d706a">7999</price>
					</prices>
				</sizeInfo>
			</sizesInfo>
			<addFieldValues>
				<field id="af06737a-94a6-473e-bd57-1cc66378d317">false</field>
				<field id="c0ee2f86-a6e0-4b0a-8791-1d37bd665663">Осень Зима 2023</field>
				<field id="85fe09d6-d9c6-4bc8-a947-e1d8893c7d08">Elis</field>
			</addFieldValues>
			<stateCodes>
				<tnved>6110309900</tnved>
				<okpd2/>
			</stateCodes>
		</item>
		<item uuid="7877c2ed-810e-11ed-9ddd-0050568e2ffe">
			<typeItemId>efc7a940-1c50-4e9d-a02d-376c844c3c67</typeItemId>
			<article>JM0055V</article>
			<name>Джемпер женский JM0055V 3О5462 Оранжевый</name>
			<fullDescr>Вязаный джемпер насыщенного оранжевого цвета с фактурными косами. Для придания особого тепла и мягкости в пряжу добавили натуральный мохер, который отличается прочностью, упругостью и красивым блеском. Модель прямого силуэта, среднего объёма, со спущенной линией плеча, длинным рукавом и круглым вырезом горловины. Стильный джемпер можно сочетать с юбкой, брюками или джинсами.</fullDescr>
			<materialDescr>Полиакрил - 40%, Мохер - 30%, Полиамид - 30%</materialDescr>
			<vatCode>vc_20</vatCode>
			<color>Оранжевый</color>
			<packingUnit>
				<length>0</length>
				<width>0</width>
				<volume>0</volume>
				<weight>0.246</weight>
			</packingUnit>
			<sizesInfo>
				<sizeInfo size="69a21855-85ed-11ed-9ddd-0050568e2ffe">
					<sizeText>164/170-84-92, р. 42</sizeText>
					<ean>2040121808282</ean>
					<ean>2040123021665</ean>
					<prices>
						<price id="2b0660e4-0e60-11e4-80c3-0050568d706a">6999</price>
					</prices>
				</sizeInfo>
			</sizesInfo>
			<addFieldValues>
				<field id="af06737a-94a6-473e-bd57-1cc66378d317">false</field>
				<field id="c0ee2f86-a6e0-4b0a-8791-1d37bd665663">Осень Зима 2023</field>
				<field id="85fe09d6-d9c6-4bc8-a947-e1d8893c7d08">Elis</field>
			</addFieldValues>
			<stateCodes>
				<tnved>6110309900</tnved>
				<okpd2/>
			</stateCodes>
		</item>
		<item uuid="c22cf256-810e-11ed-9ddd-0050568e2ffe">
			<typeItemId>efc7a940-1c50-4e9d-a02d-376c844c3c67</typeItemId>
			<article>JM0063V</article>
			<name>Джемпер женский JM0063V 3О5464 Белый</name>
			<fullDescr>Белый вязаный пуловер с контрастными декоративными полосами, украшенными пайетками. Выполнен из пряжи с добавлением шерсти мериноса. Модель прямого силуэта, среднего объёма, с V-образным вырезом горловины, спущенной линией плеча и длинным рукавом. Манжеты на рукавах, по низу изделия и горловина оформлены подвязом в рубчик. Лёгкий джемпер станет альтернативой блузе для нестрогого делового образа.</fullDescr>
			<materialDescr>Акрил - 85%, Шерсть мериноса - 15%</materialDescr>
			<vatCode>vc_20</vatCode>
			<color>Белый</color>
			<packingUnit>
				<length>0</length>
				<width>0</width>
				<volume>0</volume>
				<weight>0.305</weight>
			</packingUnit>
			<sizesInfo>
				<sizeInfo size="69a21860-85ed-11ed-9ddd-0050568e2ffe">
					<sizeText>164/170-88-96, р. 44</sizeText>
					<ean>2040121493662</ean>
					<prices>
						<price id="2b0660e4-0e60-11e4-80c3-0050568d706a">5999</price>
					</prices>
				</sizeInfo>
			</sizesInfo>
			<addFieldValues>
				<field id="af06737a-94a6-473e-bd57-1cc66378d317">false</field>
				<field id="c0ee2f86-a6e0-4b0a-8791-1d37bd665663">Осень Зима 2023</field>
				<field id="85fe09d6-d9c6-4bc8-a947-e1d8893c7d08">Elis</field>
			</addFieldValues>
			<stateCodes>
				<tnved>6110309900</tnved>
				<okpd2/>
			</stateCodes>
		</item>
		<item uuid="c22cf25a-810e-11ed-9ddd-0050568e2ffe">
			<typeItemId>efc7a940-1c50-4e9d-a02d-376c844c3c67</typeItemId>
			<article>JM0069V</article>
			<name>Джемпер женский JM0069V 3О5465 Молочный</name>
			<fullDescr>Мягкий вязаный джемпер в молочно-бежевой гамме с градиентным узором. Невесомая уютная пряжа с добавлением овечьей шерсти и шерсти альпаки поддерживает комфортную температуру и долго сохраняет первозданный вид. Модель прямого силуэта, среднего объёма, со спущенной линией плеча, круглой горловиной и длинным втачным рукавом. Образ можно дополнить брюками со стрелками или джинсами.</fullDescr>
			<materialDescr>Акрил - 35%, Полиамид - 30%, Овечья шерсть - 21%, Альпака - 14%</materialDescr>
			<vatCode>vc_20</vatCode>
			<color>Молочный</color>
			<packingUnit>
				<length>0</length>
				<width>0</width>
				<volume>0</volume>
				<weight>0.321</weight>
			</packingUnit>
			<sizesInfo>
				<sizeInfo size="3ea72e17-85ee-11ed-9ddd-0050568e2ffe">
					<sizeText>164/170-84-92, р. 42</sizeText>
					<ean>2040122569342</ean>
					<prices>
						<price id="2b0660e4-0e60-11e4-80c3-0050568d706a">6999</price>
					</prices>
				</sizeInfo>
			</sizesInfo>
			<addFieldValues>
				<field id="af06737a-94a6-473e-bd57-1cc66378d317">false</field>
				<field id="c0ee2f86-a6e0-4b0a-8791-1d37bd665663">Осень Зима 2023</field>
				<field id="85fe09d6-d9c6-4bc8-a947-e1d8893c7d08">Elis</field>
			</addFieldValues>
			<stateCodes>
				<tnved>6110309900</tnved>
				<okpd2/>
			</stateCodes>
		</item>
		<item uuid="c22cf262-810e-11ed-9ddd-0050568e2ffe">
			<typeItemId>efc7a940-1c50-4e9d-a02d-376c844c3c67</typeItemId>
			<article>JM0082V</article>
			<name>Джемпер женский JM0082V 3О5467 Бежевый</name>
			<fullDescr>Лёгкий джемпер крупной ажурной вязки оттенка экрю. Выполнен из невесомой пряжи, для придания особого тепла и мягкости в состав добавили натуральный мохер. Модель прямого силуэта, среднего объёма, с V-образным вырезом горловины, спущенной линией плеча, длинным втачным рукавом, чуть расширяющимся у манжета и комфортным поясом по низу изделия.Образ можно дополнить свободными джинсами и кедами.</fullDescr>
			<materialDescr>Полиакрил - 40%, Мохер - 30%, Полиамид - 30%</materialDescr>
			<vatCode>vc_20</vatCode>
			<color>Бежевый</color>
			<packingUnit>
				<length>0</length>
				<width>0</width>
				<volume>0</volume>
				<weight>0.267</weight>
			</packingUnit>
			<sizesInfo>
				<sizeInfo size="69a21865-85ed-11ed-9ddd-0050568e2ffe">
					<sizeText>164/170-88-96, р. 44</sizeText>
					<ean>2040120938386</ean>
					<ean>2040122381814</ean>
					<ean>2040122673414</ean>
					<prices>
						<price id="2b0660e4-0e60-11e4-80c3-0050568d706a">6999</price>
					</prices>
				</sizeInfo>
			</sizesInfo>
			<addFieldValues>
				<field id="af06737a-94a6-473e-bd57-1cc66378d317">false</field>
				<field id="c0ee2f86-a6e0-4b0a-8791-1d37bd665663">Осень Зима 2023</field>
				<field id="85fe09d6-d9c6-4bc8-a947-e1d8893c7d08">Elis</field>
			</addFieldValues>
			<stateCodes>
				<tnved>6110309900</tnved>
				<okpd2/>
			</stateCodes>
		</item>
		<item uuid="6ab77d9d-8113-11ed-9ddd-0050568e2ffe">
			<typeItemId>efc7a940-1c50-4e9d-a02d-376c844c3c67</typeItemId>
			<article>TP0029K</article>
			<name>Блузка женская TP0029K 3О5479 Розовый</name>
			<fullDescr>Стильный базовый топ нежно-розового оттенка выполнен из тонкого вязаного трикотажа. Модель удобного полуприлегающего силуэта, без рукавов, с круглым вырезом горловины и декоративным швом спереди. Универсальная модель дополнит как деловой образ, так и лук в стиле смарт кэжуал.</fullDescr>
			<materialDescr>Модал - 89%, Спандекс - 11%</materialDescr>
			<vatCode>vc_20</vatCode>
			<color>Розовый</color>
			<packingUnit>
				<length>0</length>
				<width>0</width>
				<volume>0</volume>
				<weight>0.14</weight>
			</packingUnit>
			<sizesInfo>
				<sizeInfo size="c6a67187-8286-11ed-9ddd-0050568e2ffe">
					<sizeText>164/170-84-92, р. 42</sizeText>
					<ean>2040121602552</ean>
					<ean>2040125122506</ean>
					<ean>2040125156495</ean>
					<prices>
						<price id="2b0660e4-0e60-11e4-80c3-0050568d706a">2999</price>
					</prices>
				</sizeInfo>
				<sizeInfo size="c6a67189-8286-11ed-9ddd-0050568e2ffe">
					<sizeText>164/170-92-100, р. 46</sizeText>
					<ean>2040121602545</ean>
					<ean>2040125122483</ean>
					<ean>2040125156471</ean>
					<prices>
						<price id="2b0660e4-0e60-11e4-80c3-0050568d706a">2999</price>
					</prices>
				</sizeInfo>
				<sizeInfo size="c6a6718b-8286-11ed-9ddd-0050568e2ffe">
					<sizeText>164/170-100-108, р. 50</sizeText>
					<ean>2040121602576</ean>
					<ean>2040125122469</ean>
					<ean>2040125156457</ean>
					<prices>
						<price id="2b0660e4-0e60-11e4-80c3-0050568d706a">2999</price>
					</prices>
				</sizeInfo>
			</sizesInfo>
			<addFieldValues>
				<field id="af06737a-94a6-473e-bd57-1cc66378d317">false</field>
				<field id="c0ee2f86-a6e0-4b0a-8791-1d37bd665663">Осень Зима 2023</field>
				<field id="85fe09d6-d9c6-4bc8-a947-e1d8893c7d08">Elis</field>
			</addFieldValues>
			<stateCodes>
				<tnved>6106200000</tnved>
				<okpd2/>
			</stateCodes>
		</item>
		<item uuid="6ab77dbd-8113-11ed-9ddd-0050568e2ffe">
			<typeItemId>efc7a940-1c50-4e9d-a02d-376c844c3c67</typeItemId>
			<article>DR0617</article>
			<name>Платье женское DR0617 3О5487 Черно-белый</name>
			<fullDescr>Элегантное платье в бельевом стиле, принт питон. Выполнено из гладкой струящейся вискозы с лёгким матовым блеском. Модель прямого силуэта, с V-образным вырезом горловины. Свободная пройма рукавов, что обеспечивает комфортную посадку на любой тип фигуры. Платье легко адаптировать как для вечернего выхода, так и для повседневного или делового гардероба в сочетании с жакетом или кардиганом.</fullDescr>
			<materialDescr>Вискоза - 100%</materialDescr>
			<vatCode>vc_20</vatCode>
			<color>Черно-белый</color>
			<packingUnit>
				<length>0</length>
				<width>0</width>
				<volume>0</volume>
				<weight>0.191</weight>
			</packingUnit>
			<sizesInfo>
				<sizeInfo size="219404e0-85eb-11ed-9ddd-0050568e2ffe">
					<sizeText>164/170-92-100, р. 46</sizeText>
					<ean>2040120947869</ean>
					<prices>
						<price id="2b0660e4-0e60-11e4-80c3-0050568d706a">7999</price>
					</prices>
				</sizeInfo>
			</sizesInfo>
			<addFieldValues>
				<field id="af06737a-94a6-473e-bd57-1cc66378d317">false</field>
				<field id="c0ee2f86-a6e0-4b0a-8791-1d37bd665663">Осень Зима 2023</field>
				<field id="85fe09d6-d9c6-4bc8-a947-e1d8893c7d08">Elis</field>
			</addFieldValues>
			<stateCodes>
				<tnved>6204440000</tnved>
				<okpd2/>
			</stateCodes>
		</item>
		<item uuid="85763268-8130-11ed-9ddd-0050568e2ffe">
			<typeItemId>efc7a940-1c50-4e9d-a02d-376c844c3c67</typeItemId>
			<article>DR0628K</article>
			<name>Платье женское DR0628K 3О5512 Бежевый</name>
			<fullDescr>Комфортное меланжевое платье тёплого песочного оттенка. Плотный вискозный трикотаж тёплый и хорошо держит форму. Модель прямого силуэта, со спущенной линией плеча, широким втачным рукавом и воротником стойкой. В комплекте пояс из той же ткани. Свободный крой обеспечивает удобную посадку на любой тип фигуры. Повседневное платье удачно впишется в базовый гардероб.</fullDescr>
			<materialDescr>Вискоза - 42%, Полиэстер - 39%, Нейлон - 19%</materialDescr>
			<vatCode>vc_20</vatCode>
			<color>Бежевый</color>
			<packingUnit>
				<length>0</length>
				<width>0</width>
				<volume>0</volume>
				<weight>0.64</weight>
			</packingUnit>
			<sizesInfo>
				<sizeInfo size="a38e16b6-867b-11ed-9ddd-0050568e2ffe">
					<sizeText>170-96-104, р. 48</sizeText>
					<ean>2040122096220</ean>
					<ean>2040122673278</ean>
					<prices>
						<price id="2b0660e4-0e60-11e4-80c3-0050568d706a">7999</price>
					</prices>
				</sizeInfo>
			</sizesInfo>
			<addFieldValues>
				<field id="af06737a-94a6-473e-bd57-1cc66378d317">false</field>
				<field id="c0ee2f86-a6e0-4b0a-8791-1d37bd665663">Осень Зима 2023</field>
				<field id="85fe09d6-d9c6-4bc8-a947-e1d8893c7d08">Lalis</field>
			</addFieldValues>
			<stateCodes>
				<tnved>6104430000</tnved>
				<okpd2/>
			</stateCodes>
		</item>
		<item uuid="8576326c-8130-11ed-9ddd-0050568e2ffe">
			<typeItemId>efc7a940-1c50-4e9d-a02d-376c844c3c67</typeItemId>
			<article>JM0052V</article>
			<name>Джемпер женский JM0052V 3О5513 Персиковый</name>
			<fullDescr>Комфортный джемпер персикового оттенка фактурного переплетения полуфанг. Фирменная пряжа с добавлением натурального мохера и овечьей шерсти приятна к коже и отлично согревает. Модель среднего объёма, со спущенной линией плеча, рукавом увеличенного объема на манжете, круглой горловиной и вязаной резинкой по низу изделия. Тёплый джемпер станет базой для создания уютных образов в холодную погоду.</fullDescr>
			<materialDescr>Акрил - 36%, Полиамид - 30%, Мохер - 30%, Овечья шерсть - 4%</materialDescr>
			<vatCode>vc_20</vatCode>
			<color>Персиковый</color>
			<packingUnit>
				<length>0</length>
				<width>0</width>
				<volume>0</volume>
				<weight>0.25</weight>
			</packingUnit>
			<sizesInfo>
				<sizeInfo size="0bb1ac34-867b-11ed-9ddd-0050568e2ffe">
					<sizeText>170-100-108, р. 50</sizeText>
					<ean>2040120841839</ean>
					<ean>2040121609421</ean>
					<prices>
						<price id="2b0660e4-0e60-11e4-80c3-0050568d706a">6999</price>
					</prices>
				</sizeInfo>
			</sizesInfo>
			<addFieldValues>
				<field id="af06737a-94a6-473e-bd57-1cc66378d317">false</field>
				<field id="c0ee2f86-a6e0-4b0a-8791-1d37bd665663">Осень Зима 2023</field>
				<field id="85fe09d6-d9c6-4bc8-a947-e1d8893c7d08">Lalis</field>
			</addFieldValues>
			<stateCodes>
				<tnved>6110309900</tnved>
				<okpd2/>
			</stateCodes>
		</item>
		<item uuid="d6b1e8f8-8130-11ed-9ddd-0050568e2ffe">
			<typeItemId>efc7a940-1c50-4e9d-a02d-376c844c3c67</typeItemId>
			<article>BL1206K</article>
			<name>Блузка женская BL1206K 3О5529 Черный</name>
			<fullDescr>Лаконичный джемпер базового чёрного цвета. Выполнена из гладкого вискозного полотна, плотный материал комфортно садится по фигуре и не деформируется со временем. Модель прямого силуэта, среднего объёма, со спущенной линией плеча и длинным одношовным рукавом. Эффектный V-образный вырез горловины оформлен широким подвязом с контрастной полосой. Актуальный джемпер дополнит городской лук и нестрогий деловой образ.</fullDescr>
			<materialDescr>Вискоза - 42%, Полиэстер - 39%, Нейлон - 19%</materialDescr>
			<vatCode>vc_20</vatCode>
			<color>Черный</color>
			<packingUnit>
				<length>0</length>
				<width>0</width>
				<volume>0</volume>
				<weight>0.412</weight>
			</packingUnit>
			<sizesInfo>
				<sizeInfo size="216ff26a-867c-11ed-9ddd-0050568e2ffe">
					<sizeText>170-104-112, р. 52</sizeText>
					<ean>2040122351206</ean>
					<ean>2040122688227</ean>
					<prices>
						<price id="2b0660e4-0e60-11e4-80c3-0050568d706a">5999</price>
					</prices>
				</sizeInfo>
			</sizesInfo>
			<addFieldValues>
				<field id="af06737a-94a6-473e-bd57-1cc66378d317">false</field>
				<field id="c0ee2f86-a6e0-4b0a-8791-1d37bd665663">Осень Зима 2023</field>
				<field id="85fe09d6-d9c6-4bc8-a947-e1d8893c7d08">Lalis</field>
			</addFieldValues>
			<stateCodes>
				<tnved>6106200000</tnved>
				<okpd2/>
			</stateCodes>
		</item>
		<item uuid="649ce6db-8138-11ed-9ddd-0050568e2ffe">
			<typeItemId>efc7a940-1c50-4e9d-a02d-376c844c3c67</typeItemId>
			<article>IBS0020VY1</article>
			<name>Джемпер мужской IBS0020VY1 3О5557 Черный</name>
			<fullDescr>Вязаное худи чёрного цвета. Плотная фирменная вязка придаёт лёгкую эластичность, натуральная овечья шерсть в составе надёжно сохраняет тепло. Модель прямого силуэта, с накладным карманом спереди, длинным втачным рукавом с манжетами и резинкой по низу изделия в крупный рубчик. Худи в стиле кэжуал можно сочетать как с чиносами, так и с джинсами или карго.</fullDescr>
			<materialDescr>Хлопок - 70%, Овечья шерсть - 30%</materialDescr>
			<vatCode>vc_20</vatCode>
			<color>Черный</color>
			<packingUnit>
				<length>0</length>
				<width>0</width>
				<volume>0</volume>
				<weight>0</weight>
			</packingUnit>
			<sizesInfo>
				<sizeInfo size="b1acfd44-85ea-11ed-9ddd-0050568e2ffe">
					<sizeText>182-100-88, р. 50</sizeText>
					<ean>2040119061934</ean>
					<ean>2040123052850</ean>
					<prices>
						<price id="2b0660e4-0e60-11e4-80c3-0050568d706a">6999</price>
					</prices>
				</sizeInfo>
			</sizesInfo>
			<addFieldValues>
				<field id="af06737a-94a6-473e-bd57-1cc66378d317">false</field>
				<field id="c0ee2f86-a6e0-4b0a-8791-1d37bd665663">Осень Зима 2023</field>
				<field id="85fe09d6-d9c6-4bc8-a947-e1d8893c7d08">20line</field>
			</addFieldValues>
			<stateCodes>
				<tnved>6110209100</tnved>
				<okpd2/>
			</stateCodes>
		</item>
		<item uuid="eda1144f-84e5-11ed-9ddd-0050568e2ffe">
			<typeItemId>efc7a940-1c50-4e9d-a02d-376c844c3c67</typeItemId>
			<article>BL1149VY1</article>
			<name>Блузка женская BL1149VY1 3О5580 Черный</name>
			<fullDescr>Комфортная водолазка универсального чёрного цвета из шерсти мериноса. Текстурная ворсистая пряжа из шерсти особенно мягкая и надёжно сохраняет тепло. Модель прямого силуэта, с длинным втачным рукавом с манжетом, удобным воротником стойкой с отворотом и манжетом по низу изделия. Уютную водолазку можно сочетать как с однотонной, так и с принтованной одеждой.</fullDescr>
			<materialDescr>Шерсть мериноса - 100%</materialDescr>
			<vatCode>vc_20</vatCode>
			<color>Черный</color>
			<packingUnit>
				<length>0</length>
				<width>0</width>
				<volume>0</volume>
				<weight>0</weight>
			</packingUnit>
			<sizesInfo>
				<sizeInfo size="a7865d5d-932a-11ed-9ddd-0050568e2ffe">
					<sizeText>164/170-92-100, р. 46</sizeText>
					<ean>2040116460303</ean>
					<ean>2040122914937</ean>
					<prices>
						<price id="2b0660e4-0e60-11e4-80c3-0050568d706a">6999</price>
					</prices>
				</sizeInfo>
			</sizesInfo>
			<addFieldValues>
				<field id="af06737a-94a6-473e-bd57-1cc66378d317">false</field>
				<field id="c0ee2f86-a6e0-4b0a-8791-1d37bd665663">Осень Зима 2023</field>
				<field id="85fe09d6-d9c6-4bc8-a947-e1d8893c7d08">Elis</field>
			</addFieldValues>
			<stateCodes>
				<tnved>6110119000</tnved>
				<okpd2/>
			</stateCodes>
		</item>
		<item uuid="eda11467-84e5-11ed-9ddd-0050568e2ffe">
			<typeItemId>efc7a940-1c50-4e9d-a02d-376c844c3c67</typeItemId>
			<article>JM0055V</article>
			<name>Джемпер женский JM0055V 3О5586 Серо-голубой</name>
			<fullDescr>Джемпер с фактурными вязаными косами деликатного серо-голубого оттенка. Для придания особого тепла и мягкости в пряжу добавили натуральный мохер,который отличается прочностью, упругостью и красивым блеском. Модель прямого силуэта, среднего объёма, со спущенной линией плеча, длинным рукавом и круглым вырезом горловины. Стильный джемпер можно сочетать с юбкой, брюками или джинсами.</fullDescr>
			<materialDescr>Полиакрил - 40%, Мохер - 30%, Полиамид - 30%</materialDescr>
			<vatCode>vc_20</vatCode>
			<color>Серо-голубой</color>
			<packingUnit>
				<length>0</length>
				<width>0</width>
				<volume>0</volume>
				<weight>0.246</weight>
			</packingUnit>
			<sizesInfo>
				<sizeInfo size="179e1990-9345-11ed-9ddd-0050568e2ffe">
					<sizeText>164/170-84-92, р. 42</sizeText>
					<ean>2040122666041</ean>
					<ean>2040124525452</ean>
					<prices>
						<price id="2b0660e4-0e60-11e4-80c3-0050568d706a">6999</price>
					</prices>
				</sizeInfo>
				<sizeInfo size="179e1991-9345-11ed-9ddd-0050568e2ffe">
					<sizeText>164/170-88-96, р. 44</sizeText>
					<ean>2040122666065</ean>
					<ean>2040124525469</ean>
					<prices>
						<price id="2b0660e4-0e60-11e4-80c3-0050568d706a">6999</price>
					</prices>
				</sizeInfo>
			</sizesInfo>
			<addFieldValues>
				<field id="af06737a-94a6-473e-bd57-1cc66378d317">false</field>
				<field id="c0ee2f86-a6e0-4b0a-8791-1d37bd665663">Осень Зима 2023</field>
				<field id="85fe09d6-d9c6-4bc8-a947-e1d8893c7d08">Elis</field>
			</addFieldValues>
			<stateCodes>
				<tnved>6110309900</tnved>
				<okpd2/>
			</stateCodes>
		</item>
		<item uuid="610c7ad8-b8c3-11ed-9ddd-0050568e2ffe">
			<typeItemId>efc7a940-1c50-4e9d-a02d-376c844c3c67</typeItemId>
			<article>DR0615</article>
			<name>Платье женское DR0615 3З6496 Черный</name>
			<fullDescr>Элегантное черное мини-платье с глубокой V-образной горловиной, декорированное спереди рядом обтянутых текстилем пуговиц. Для пошива использовали фактурный материал с синтетическими волокнами, поэтому можно быть уверенным, что ткань не помнется и надолго сохранит свой изначальный внешний вид. Мелкие сборки у плеча и под грудью, приталенный силуэт со слегка расклешенным подолом создают утонченный романтический образ.</fullDescr>
			<materialDescr>Полиэстер - 98%, Спандекс - 2%</materialDescr>
			<vatCode>vc_20</vatCode>
			<color>Черный</color>
			<packingUnit>
				<length>0</length>
				<width>0</width>
				<volume>0</volume>
				<weight>0.384</weight>
			</packingUnit>
			<sizesInfo>
				<sizeInfo size="9c164f03-c3eb-11ed-9dde-0050568e2ffe">
					<sizeText>164/170-84-92, р. 42</sizeText>
					<ean>2040123055554</ean>
					<ean>2040123228095</ean>
					<prices>
						<price id="2b0660e4-0e60-11e4-80c3-0050568d706a">7999</price>
					</prices>
				</sizeInfo>
				<sizeInfo size="9c164f04-c3eb-11ed-9dde-0050568e2ffe">
					<sizeText>164/170-88-96, р. 44</sizeText>
					<ean>2040123055578</ean>
					<ean>2040123228118</ean>
					<prices>
						<price id="2b0660e4-0e60-11e4-80c3-0050568d706a">7999</price>
					</prices>
				</sizeInfo>
				<sizeInfo size="9c164f05-c3eb-11ed-9dde-0050568e2ffe">
					<sizeText>164/170-92-100, р. 46</sizeText>
					<ean>2040123055547</ean>
					<ean>2040123228088</ean>
					<prices>
						<price id="2b0660e4-0e60-11e4-80c3-0050568d706a">7999</price>
					</prices>
				</sizeInfo>
				<sizeInfo size="9c164f06-c3eb-11ed-9dde-0050568e2ffe">
					<sizeText>164/170-96-104, р. 48</sizeText>
					<ean>2040123055585</ean>
					<ean>2040123228125</ean>
					<prices>
						<price id="2b0660e4-0e60-11e4-80c3-0050568d706a">7999</price>
					</prices>
				</sizeInfo>
				<sizeInfo size="9c164f07-c3eb-11ed-9dde-0050568e2ffe">
					<sizeText>164/170-100-108, р. 50</sizeText>
					<ean>2040123055561</ean>
					<ean>2040123228101</ean>
					<prices>
						<price id="2b0660e4-0e60-11e4-80c3-0050568d706a">7999</price>
					</prices>
				</sizeInfo>
			</sizesInfo>
			<addFieldValues>
				<field id="af06737a-94a6-473e-bd57-1cc66378d317">false</field>
				<field id="c0ee2f86-a6e0-4b0a-8791-1d37bd665663">Осень Зима 2023</field>
				<field id="85fe09d6-d9c6-4bc8-a947-e1d8893c7d08">Elis</field>
			</addFieldValues>
			<stateCodes>
				<tnved>6204430000</tnved>
				<okpd2/>
			</stateCodes>
		</item>
		<item uuid="21182c67-b8c4-11ed-9ddd-0050568e2ffe">
			<typeItemId>efc7a940-1c50-4e9d-a02d-376c844c3c67</typeItemId>
			<article>SK0361</article>
			<name>Юбка женская SK0361 3З6537 Черный</name>
			<fullDescr>Лаконичная юбка-трапеция составит элегантный образ с легким топом или вязаным джемпером. Шелковистый на ощупь материал эффектно струится и нежно переливается на свету. Длина миди и застежка на потайную молнию сбоку с резинкой по талии обеспечат комфортную посадку по фигуре не утяжеляя образ лишними деталями.</fullDescr>
			<materialDescr>Полиэстер - 100%</materialDescr>
			<vatCode>vc_20</vatCode>
			<color>Черный</color>
			<packingUnit>
				<length>0</length>
				<width>0</width>
				<volume>0</volume>
				<weight>0.2</weight>
			</packingUnit>
			<sizesInfo>
				<sizeInfo size="289180e6-b9b5-11ed-9ddd-0050568e2ffe">
					<sizeText>164/170-100-108, р. 50</sizeText>
					<ean>2040120135693</ean>
					<ean>2040123227845</ean>
					<ean>2040123282158</ean>
					<prices>
						<price id="2b0660e4-0e60-11e4-80c3-0050568d706a">6999</price>
					</prices>
				</sizeInfo>
			</sizesInfo>
			<addFieldValues>
				<field id="af06737a-94a6-473e-bd57-1cc66378d317">true</field>
				<field id="c0ee2f86-a6e0-4b0a-8791-1d37bd665663">Осень Зима 2023</field>
				<field id="85fe09d6-d9c6-4bc8-a947-e1d8893c7d08">Elis</field>
			</addFieldValues>
			<stateCodes>
				<tnved>6204530000</tnved>
				<okpd2/>
			</stateCodes>
		</item>
		<item uuid="48c39df9-b8c7-11ed-9ddd-0050568e2ffe">
			<typeItemId>efc7a940-1c50-4e9d-a02d-376c844c3c67</typeItemId>
			<article>IJC0079</article>
			<name>Пиджак мужской IJC0079 3З6669 Серый</name>
			<fullDescr>Приталенный однобортный пиджак с меланжевым узором и накладными карманами спереди, повторяющими закруглённую форму полы изделия. Фактурный материал на основе овечьей шерсти поддерживает оптимальную температуру, сохраняя тепло в прохладную погоду. Подкладка из мягкой вискозы приятна на ощупь и обеспечивает комфортную посадку. Пиджак идеально сочетается с классическим брюками из этой же ткани.</fullDescr>
			<materialDescr>Верх:Овечья шерсть - 69%, Полиэстер - 30%, Эластан - 1%.Подкладка:Полиэстер - 55%, Вискоза - 45%</materialDescr>
			<vatCode>vc_20</vatCode>
			<color>Серый</color>
			<packingUnit>
				<length>0</length>
				<width>0</width>
				<volume>0</volume>
				<weight>0.75</weight>
			</packingUnit>
			<sizesInfo>
				<sizeInfo size="1db1b85d-c3f8-11ed-9dde-0050568e2ffe">
					<sizeText>182-104-92, р. 52</sizeText>
					<ean>2040123283292</ean>
					<ean>2040123340865</ean>
					<prices>
						<price id="2b0660e4-0e60-11e4-80c3-0050568d706a">16999</price>
					</prices>
				</sizeInfo>
				<sizeInfo size="1db1b85e-c3f8-11ed-9dde-0050568e2ffe">
					<sizeText>182-108-96, р. 54</sizeText>
					<ean>2040123340872</ean>
					<prices>
						<price id="2b0660e4-0e60-11e4-80c3-0050568d706a">16999</price>
					</prices>
				</sizeInfo>
			</sizesInfo>
			<addFieldValues>
				<field id="af06737a-94a6-473e-bd57-1cc66378d317">true</field>
				<field id="c0ee2f86-a6e0-4b0a-8791-1d37bd665663">Осень Зима 2023</field>
				<field id="85fe09d6-d9c6-4bc8-a947-e1d8893c7d08">20line</field>
			</addFieldValues>
			<stateCodes>
				<tnved>6203339000</tnved>
				<okpd2/>
			</stateCodes>
		</item>
		<item uuid="a7c1a844-b8c8-11ed-9ddd-0050568e2ffe">
			<typeItemId>efc7a940-1c50-4e9d-a02d-376c844c3c67</typeItemId>
			<article>IJC0079</article>
			<name>Пиджак мужской IJC0079 3З6670 Синий</name>
			<fullDescr>Приталенный однобортный пиджак с меланжевым узором и накладными карманами спереди, повторяющими закруглённую форму полы изделия. Фактурный материал на основе овечьей шерсти поддерживает оптимальную температуру, сохраняя тепло в прохладную погоду. Подкладка из мягкой вискозы приятна на ощупь и обеспечивает комфортную посадку. Пиджак идеально сочетается с классическим брюками из этой же ткани.</fullDescr>
			<materialDescr>Верх:Овечья шерсть - 69%, Полиэстер - 30%, Эластан - 1%.Подкладка:Полиэстер - 55%, Вискоза - 45%</materialDescr>
			<vatCode>vc_20</vatCode>
			<color>Синий</color>
			<packingUnit>
				<length>0</length>
				<width>0</width>
				<volume>0</volume>
				<weight>0.75</weight>
			</packingUnit>
			<sizesInfo>
				<sizeInfo size="1db1b863-c3f8-11ed-9dde-0050568e2ffe">
					<sizeText>182-104-92, р. 52</sizeText>
					<ean>2040123326678</ean>
					<prices>
						<price id="2b0660e4-0e60-11e4-80c3-0050568d706a">16999</price>
					</prices>
				</sizeInfo>
				<sizeInfo size="1db1b864-c3f8-11ed-9dde-0050568e2ffe">
					<sizeText>182-108-96, р. 54</sizeText>
					<ean>2040123326722</ean>
					<prices>
						<price id="2b0660e4-0e60-11e4-80c3-0050568d706a">16999</price>
					</prices>
				</sizeInfo>
			</sizesInfo>
			<addFieldValues>
				<field id="af06737a-94a6-473e-bd57-1cc66378d317">true</field>
				<field id="c0ee2f86-a6e0-4b0a-8791-1d37bd665663">Осень Зима 2023</field>
				<field id="85fe09d6-d9c6-4bc8-a947-e1d8893c7d08">20line</field>
			</addFieldValues>
			<stateCodes>
				<tnved>6203339000</tnved>
				<okpd2/>
			</stateCodes>
		</item>
		<item uuid="a7c1a85c-b8c8-11ed-9ddd-0050568e2ffe">
			<typeItemId>efc7a940-1c50-4e9d-a02d-376c844c3c67</typeItemId>
			<article>IJM0053V</article>
			<name>Джемпер мужской IJM0053V 3З6676 Коричневый</name>
			<fullDescr>Стильный джемпер гладкой вязки и актуальных оттенков. Модель станет универсальной в вашем гардеробе – ее можно надеть в путешествие, на прогулку или на работу. Тонкая пряжа из нежных волокон шерсти достаточно тёплая и мягкая, благодаря эластичной структуре материал слегка тянется и не сковывает движений. Прилегающий силуэт, длинный рукав-реглан и эластичная стойка горловины, манжеты и пояс по низу изделия делают джемпер идеальной заменой водолазке со стильной акцентной деталью спереди - удобной короткой застежкой на молнии.</fullDescr>
			<materialDescr>Шерсть - 50%, Акрил - 50%</materialDescr>
			<vatCode>vc_20</vatCode>
			<color>Коричневый</color>
			<packingUnit>
				<length>0</length>
				<width>0</width>
				<volume>0</volume>
				<weight>0.26</weight>
			</packingUnit>
			<sizesInfo>
				<sizeInfo size="1db1b871-c3f8-11ed-9dde-0050568e2ffe">
					<sizeText>182-112-100, р. 56</sizeText>
					<ean>2040123132248</ean>
					<prices>
						<price id="2b0660e4-0e60-11e4-80c3-0050568d706a">7999</price>
					</prices>
				</sizeInfo>
			</sizesInfo>
			<addFieldValues>
				<field id="af06737a-94a6-473e-bd57-1cc66378d317">false</field>
				<field id="c0ee2f86-a6e0-4b0a-8791-1d37bd665663">Осень Зима 2023</field>
				<field id="85fe09d6-d9c6-4bc8-a947-e1d8893c7d08">20line</field>
			</addFieldValues>
			<stateCodes>
				<tnved>6110309100</tnved>
				<okpd2/>
			</stateCodes>
		</item>
		<item uuid="a7c1a874-b8c8-11ed-9ddd-0050568e2ffe">
			<typeItemId>efc7a940-1c50-4e9d-a02d-376c844c3c67</typeItemId>
			<article>IPH0028B</article>
			<name>Куртка мужская IPH0028B 3З6682 Темно-синий</name>
			<fullDescr>Стеганный удлиненный пуховик темно-синего цвета в прямом силуэте из прочного и износостойкого материала.
Утеплитель - биопух - технологичный материал, который не уступает по своим свойствам натуральному.
Дополнительную защиту от ветра и влаги обеспечивает: втачной капюшон, который регулируется по голове. 
Изделие имеет два вместительных боковых кармана и один объемный накладной на рукаве.
Такая куртка в минималистичном стиле понравится мужчинам, которые ценят качество и комфорт превыше всего.</fullDescr>
			<materialDescr>Верх:Полиэстер - 100%.Подкладка:Полиэстер - 100%.Утеплитель:Полиэстер - 100%</materialDescr>
			<vatCode>vc_20</vatCode>
			<color>Темно-синий</color>
			<packingUnit>
				<length>0</length>
				<width>0</width>
				<volume>0</volume>
				<weight>1.2</weight>
			</packingUnit>
			<sizesInfo>
				<sizeInfo size="337b391a-c3e3-11ed-9dde-0050568e2ffe">
					<sizeText>182-100-88, р. 50</sizeText>
					<ean>2040123202897</ean>
					<prices>
						<price id="2b0660e4-0e60-11e4-80c3-0050568d706a">27999</price>
					</prices>
				</sizeInfo>
			</sizesInfo>
			<addFieldValues>
				<field id="af06737a-94a6-473e-bd57-1cc66378d317">true</field>
				<field id="c0ee2f86-a6e0-4b0a-8791-1d37bd665663">Осень Зима 2023</field>
				<field id="85fe09d6-d9c6-4bc8-a947-e1d8893c7d08">20line</field>
			</addFieldValues>
			<stateCodes>
				<tnved>6201400000</tnved>
				<okpd2/>
			</stateCodes>
		</item>
		<item uuid="28f6ac9d-b8c9-11ed-9ddd-0050568e2ffe">
			<typeItemId>efc7a940-1c50-4e9d-a02d-376c844c3c67</typeItemId>
			<article>IPT0001K5</article>
			<name>Брюки мужские IPT0001K5 3З6690 Темно-синий</name>
			<fullDescr>Спортивные брюки из плотного мягкого хлопка.
Модель свободного кроя и комфортной посадкой. Создана для максимальной свободы движения. Такой фасон – удачное сочетание практичности и стиля. 
Идеальны для спортивного образа в комплекте с толстовкой из той же ткани из нашей коллекции.</fullDescr>
			<materialDescr>Хлопок - 100%</materialDescr>
			<vatCode>vc_20</vatCode>
			<color>Темно-синий</color>
			<packingUnit>
				<length>0</length>
				<width>0</width>
				<volume>0</volume>
				<weight>0.57</weight>
			</packingUnit>
			<sizesInfo>
				<sizeInfo size="763e1556-c3ee-11ed-9dde-0050568e2ffe">
					<sizeText>182-104-92, р. 52</sizeText>
					<ean>2040123167851</ean>
					<prices>
						<price id="2b0660e4-0e60-11e4-80c3-0050568d706a">6999</price>
					</prices>
				</sizeInfo>
			</sizesInfo>
			<addFieldValues>
				<field id="af06737a-94a6-473e-bd57-1cc66378d317">false</field>
				<field id="c0ee2f86-a6e0-4b0a-8791-1d37bd665663">Осень Зима 2023</field>
				<field id="85fe09d6-d9c6-4bc8-a947-e1d8893c7d08">20line</field>
			</addFieldValues>
			<stateCodes>
				<tnved>6103420001</tnved>
				<okpd2/>
			</stateCodes>
		</item>
		<item uuid="28f6aca1-b8c9-11ed-9ddd-0050568e2ffe">
			<typeItemId>efc7a940-1c50-4e9d-a02d-376c844c3c67</typeItemId>
			<article>IPT0007K</article>
			<name>Брюки мужские IPT0007K 3З6691 Темно-серый</name>
			<fullDescr>Всегда актуальные брюки-джоггеры выполнены из плотного трикотажа с флисовой изнанкой, комфортный материал с добавлением дышащего хлопка прост в уходе и очень приятен в носке. Прямой крой, широкий эластичный пояс на кулиске со шнуром, удобно регулирующийся по вашей фигуре, и эластичные манжеты – каждая деталь проработана для вашего комфорта. Для большего удобства помимо боковых карманов добавлен еще один накладной карман сзади.</fullDescr>
			<materialDescr>Полиэстер - 62%, Хлопок - 38%</materialDescr>
			<vatCode>vc_20</vatCode>
			<color>Темно-серый</color>
			<packingUnit>
				<length>0</length>
				<width>0</width>
				<volume>0</volume>
				<weight>0.547</weight>
			</packingUnit>
			<sizesInfo>
				<sizeInfo size="b44eabb9-c3f5-11ed-9dde-0050568e2ffe">
					<sizeText>182-104-92, р. 52</sizeText>
					<ean>2040123282745</ean>
					<prices>
						<price id="2b0660e4-0e60-11e4-80c3-0050568d706a">6999</price>
					</prices>
				</sizeInfo>
			</sizesInfo>
			<addFieldValues>
				<field id="af06737a-94a6-473e-bd57-1cc66378d317">false</field>
				<field id="c0ee2f86-a6e0-4b0a-8791-1d37bd665663">Осень Зима 2023</field>
				<field id="85fe09d6-d9c6-4bc8-a947-e1d8893c7d08">20line</field>
			</addFieldValues>
			<stateCodes>
				<tnved>6103430001</tnved>
				<okpd2/>
			</stateCodes>
		</item>
		<item uuid="28f6acb9-b8c9-11ed-9ddd-0050568e2ffe">
			<typeItemId>efc7a940-1c50-4e9d-a02d-376c844c3c67</typeItemId>
			<article>IRU00885</article>
			<name>Сорочка верхняя мужская IRU00885 3З6697 Темно-синий</name>
			<fullDescr>Тёмно-синяя рубашка с лёгким меланжем в стиле кэжуал. Рубашка выполнена из натурального дышащего хлопка переплетения oxford премиального качества.
Модель полуприлегающего силуэта, которая подходит на любую фигуру и является универсальной. Хорошо держит форму, и обеспечивает не сковывающую движения посадку.
Отложной воротник с пуговицами привнесет в образ непринужденность.</fullDescr>
			<materialDescr>Хлопок - 100%</materialDescr>
			<vatCode>vc_20</vatCode>
			<color>Темно-синий</color>
			<packingUnit>
				<length>0</length>
				<width>0</width>
				<volume>0</volume>
				<weight>0.312</weight>
			</packingUnit>
			<sizesInfo>
				<sizeInfo size="b85c0769-c3ee-11ed-9dde-0050568e2ffe">
					<sizeText>182-96-40, р. 48</sizeText>
					<ean>2040123046934</ean>
					<prices>
						<price id="2b0660e4-0e60-11e4-80c3-0050568d706a">5999</price>
					</prices>
				</sizeInfo>
			</sizesInfo>
			<addFieldValues>
				<field id="af06737a-94a6-473e-bd57-1cc66378d317">false</field>
				<field id="c0ee2f86-a6e0-4b0a-8791-1d37bd665663">Осень Зима 2023</field>
				<field id="85fe09d6-d9c6-4bc8-a947-e1d8893c7d08">20line</field>
			</addFieldValues>
			<stateCodes>
				<tnved>6205200000</tnved>
				<okpd2/>
			</stateCodes>
		</item>
		<item uuid="8b236a6a-b8c9-11ed-9ddd-0050568e2ffe">
			<typeItemId>efc7a940-1c50-4e9d-a02d-376c844c3c67</typeItemId>
			<article>ITR01176</article>
			<name>Брюки мужские ITR01176 3З6712 Серый</name>
			<fullDescr>Комфортные брюки - идеальный выбор для офиса. Чтобы создать завершенный и стильный образ – дополните однобортным пиджаком из той же ткани. Материал с выраженной текстурой выполнен из натуральной овечьей шерсти с добавлением синтетических волокон для прочности материала. Их полуприлегающий крой с заутюженными стрелками подчеркнет вашу фигуру и удлинит силуэт, а пояс с петлями под ремень и боковые карманы добавят комфорта ежедневной носке.</fullDescr>
			<materialDescr>Верх:Овечья шерсть - 69%, Полиэстер - 30%, Эластан - 1%.Подкладка:Полиэстер - 55%, Вискоза - 45%</materialDescr>
			<vatCode>vc_20</vatCode>
			<color>Серый</color>
			<packingUnit>
				<length>0</length>
				<width>0</width>
				<volume>0</volume>
				<weight>0.463</weight>
			</packingUnit>
			<sizesInfo>
				<sizeInfo size="6bc2af42-c3f8-11ed-9dde-0050568e2ffe">
					<sizeText>182-108-96, р. 54</sizeText>
					<ean>2040123341053</ean>
					<prices>
						<price id="2b0660e4-0e60-11e4-80c3-0050568d706a">9999</price>
					</prices>
				</sizeInfo>
			</sizesInfo>
			<addFieldValues>
				<field id="af06737a-94a6-473e-bd57-1cc66378d317">false</field>
				<field id="c0ee2f86-a6e0-4b0a-8791-1d37bd665663">Осень Зима 2023</field>
				<field id="85fe09d6-d9c6-4bc8-a947-e1d8893c7d08">20line</field>
			</addFieldValues>
			<stateCodes>
				<tnved>6203411000</tnved>
				<okpd2/>
			</stateCodes>
		</item>
		<item uuid="8b236a6e-b8c9-11ed-9ddd-0050568e2ffe">
			<typeItemId>efc7a940-1c50-4e9d-a02d-376c844c3c67</typeItemId>
			<article>ITR01176</article>
			<name>Брюки мужские ITR01176 3З6713 Синий</name>
			<fullDescr>Комфортные брюки - идеальный выбор для офиса. Чтобы создать завершенный и стильный образ – дополните однобортным пиджаком из той же ткани. Материал с выраженной текстурой выполнен из натуральной овечьей шерсти с добавлением синтетических волокон для прочности материала. Их полуприлегающий крой с заутюженными стрелками подчеркнет вашу фигуру и удлинит силуэт, а пояс с петлями под ремень и боковые карманы добавят комфорта ежедневной носке.</fullDescr>
			<materialDescr>Верх:Овечья шерсть - 69%, Полиэстер - 30%, Эластан - 1%.Подкладка:Полиэстер - 55%, Вискоза - 45%</materialDescr>
			<vatCode>vc_20</vatCode>
			<color>Синий</color>
			<packingUnit>
				<length>0</length>
				<width>0</width>
				<volume>0</volume>
				<weight>0.463</weight>
			</packingUnit>
			<sizesInfo>
				<sizeInfo size="6bc2af45-c3f8-11ed-9dde-0050568e2ffe">
					<sizeText>182-96-84, р. 48</sizeText>
					<ean>2040123326470</ean>
					<prices>
						<price id="2b0660e4-0e60-11e4-80c3-0050568d706a">9999</price>
					</prices>
				</sizeInfo>
			</sizesInfo>
			<addFieldValues>
				<field id="af06737a-94a6-473e-bd57-1cc66378d317">false</field>
				<field id="c0ee2f86-a6e0-4b0a-8791-1d37bd665663">Осень Зима 2023</field>
				<field id="85fe09d6-d9c6-4bc8-a947-e1d8893c7d08">20line</field>
			</addFieldValues>
			<stateCodes>
				<tnved>6203411000</tnved>
				<okpd2/>
			</stateCodes>
		</item>
		<item uuid="ec2c7712-bf16-11ed-9ddd-0050568e2ffe">
			<typeItemId>efc7a940-1c50-4e9d-a02d-376c844c3c67</typeItemId>
			<article>ITS0061K9</article>
			<name>Джемпер мужской ITS0061K9 3З6860 Серый</name>
			<fullDescr>Базовый однотонный лонгслив из натурального дышащего хлопка премиального качества. Ткань очень мягкая и тактильно приятная к телу. Она обеспечивает комфортные ощущения во время носки на протяжении всего дня.
Модель полуприлегающего силуэта с  круглым воротом может носиться как отдельное изделие, так и быть элементом многослойного образа. Отлично будет сочетаться с пиджаками и кардиганами.</fullDescr>
			<materialDescr>Хлопок - 100%</materialDescr>
			<vatCode>vc_20</vatCode>
			<color>Серый</color>
			<packingUnit>
				<length>0</length>
				<width>0</width>
				<volume>0</volume>
				<weight>0.285</weight>
			</packingUnit>
			<sizesInfo>
				<sizeInfo size="54577153-c3ee-11ed-9dde-0050568e2ffe">
					<sizeText>182-112-100, р. 56</sizeText>
					<ean>2040123129989</ean>
					<prices>
						<price id="2b0660e4-0e60-11e4-80c3-0050568d706a">3499</price>
					</prices>
				</sizeInfo>
			</sizesInfo>
			<addFieldValues>
				<field id="af06737a-94a6-473e-bd57-1cc66378d317">false</field>
				<field id="c0ee2f86-a6e0-4b0a-8791-1d37bd665663">Осень Зима 2023</field>
				<field id="85fe09d6-d9c6-4bc8-a947-e1d8893c7d08">20line</field>
			</addFieldValues>
			<stateCodes>
				<tnved>6110209100</tnved>
				<okpd2/>
			</stateCodes>
		</item>
	</items>
</productMasterDataRequest>