﻿<?xml version="1.0" encoding="UTF-8"?>
<labelsRequest xmlns="http://service.profashionsolutions.ru/fe770" xmlns:xs="http://www.w3.org/2001/XMLSchema" xmlns:xsi="http://www.w3.org/2001/XMLSchema-instance">
	<labels>
		<labelCode>0104620143979061215012213020028</labelCode>
		<operationType>1</operationType>
		<operationDate>2023-12-10T23:31:00</operationDate>
		<document>
			<date>2023-12-10T23:31:00</date>
			<number>б/н</number>
			<name>Транспортная накладная</name>
		</document>
		<item>
			<name>BL0740V Блузка женская BL0740V 3В2994 Светло-розовый</name>
			<size>170-92-100, р. 46</size>
			<ean>2040122705658</ean>
			<price>2799</price>
		</item>
		<order>
			<date>2023-12-07T19:52:53</date>
			<number>34542S</number>
			<paymentStatus>NotPaid</paymentStatus>
		</order>
		<parcelNumber>44000000019399</parcelNumber>
	</labels>
	<labels>
		<labelCode>0104620143979061215012213020028</labelCode>
		<operationType>1</operationType>
		<operationDate>2023-12-10T23:31:00</operationDate>
		<document>
			<date>2023-12-10T23:31:00</date>
			<number>б/н</number>
			<name>Транспортная накладная</name>
		</document>
		<item>
			<name>BL0740V Блузка женская BL0740V 3В2994 Светло-розовый</name>
			<size>170-92-100, р. 46</size>
			<ean>2040109955830</ean>
			<price>2799</price>
		</item>
		<order>
			<date>2023-12-07T19:52:53</date>
			<number>34542S</number>
			<paymentStatus>NotPaid</paymentStatus>
		</order>
		<parcelNumber>44000000019399</parcelNumber>
	</labels>
	<labels>
		<labelCode>0104620143979061215012213020028</labelCode>
		<operationType>1</operationType>
		<operationDate>2023-12-10T23:31:00</operationDate>
		<document>
			<date>2023-12-10T23:31:00</date>
			<number>б/н</number>
			<name>Транспортная накладная</name>
		</document>
		<item>
			<name>BL0740V Блузка женская BL0740V 3В2994 Светло-розовый</name>
			<size>170-92-100, р. 46</size>
			<ean>2040116246419</ean>
			<price>2799</price>
		</item>
		<order>
			<date>2023-12-07T19:52:53</date>
			<number>34542S</number>
			<paymentStatus>NotPaid</paymentStatus>
		</order>
		<parcelNumber>44000000019399</parcelNumber>
	</labels>
	<labels>
		<labelCode>0104620143969086215012207190133</labelCode>
		<operationType>1</operationType>
		<operationDate>2023-12-10T23:31:00</operationDate>
		<document>
			<date>2023-12-10T23:31:00</date>
			<number>б/н</number>
			<name>Транспортная накладная</name>
		</document>
		<item>
			<name>WH0022 Жилет (пуховый) женский WH0022 2О1282 Черный</name>
			<size>164/170-96-104, р. 48</size>
			<ean>2040121578925</ean>
			<price>3359</price>
		</item>
		<order>
			<date>2023-12-07T16:51:19</date>
			<number>34411S</number>
			<paymentStatus>NotPaid</paymentStatus>
		</order>
		<parcelNumber>77000000054294</parcelNumber>
	</labels>
	<labels>
		<labelCode>0104620143969086215012207190133</labelCode>
		<operationType>1</operationType>
		<operationDate>2023-12-10T23:31:00</operationDate>
		<document>
			<date>2023-12-10T23:31:00</date>
			<number>б/н</number>
			<name>Транспортная накладная</name>
		</document>
		<item>
			<name>WH0022 Жилет (пуховый) женский WH0022 2О1282 Черный</name>
			<size>164/170-96-104, р. 48</size>
			<ean>2040114687726</ean>
			<price>3359</price>
		</item>
		<order>
			<date>2023-12-07T16:51:19</date>
			<number>34411S</number>
			<paymentStatus>NotPaid</paymentStatus>
		</order>
		<parcelNumber>77000000054294</parcelNumber>
	</labels>
	<labels>
		<labelCode>0104620143969086215012207190133</labelCode>
		<operationType>1</operationType>
		<operationDate>2023-12-10T23:31:00</operationDate>
		<document>
			<date>2023-12-10T23:31:00</date>
			<number>б/н</number>
			<name>Транспортная накладная</name>
		</document>
		<item>
			<name>WH0022 Жилет (пуховый) женский WH0022 2О1282 Черный</name>
			<size>164/170-96-104, р. 48</size>
			<ean>2040109290443</ean>
			<price>3359</price>
		</item>
		<order>
			<date>2023-12-07T16:51:19</date>
			<number>34411S</number>
			<paymentStatus>NotPaid</paymentStatus>
		</order>
		<parcelNumber>77000000054294</parcelNumber>
	</labels>
	<labels>
		<labelCode>0104620143969086215012207190133</labelCode>
		<operationType>1</operationType>
		<operationDate>2023-12-10T23:31:00</operationDate>
		<document>
			<date>2023-12-10T23:31:00</date>
			<number>б/н</number>
			<name>Транспортная накладная</name>
		</document>
		<item>
			<name>WH0022 Жилет (пуховый) женский WH0022 2О1282 Черный</name>
			<size>164/170-96-104, р. 48</size>
			<ean>2040114122531</ean>
			<price>3359</price>
		</item>
		<order>
			<date>2023-12-07T16:51:19</date>
			<number>34411S</number>
			<paymentStatus>NotPaid</paymentStatus>
		</order>
		<parcelNumber>77000000054294</parcelNumber>
	</labels>
	<labels>
		<labelCode>0104620143969086215012207190133</labelCode>
		<operationType>1</operationType>
		<operationDate>2023-12-10T23:31:00</operationDate>
		<document>
			<date>2023-12-10T23:31:00</date>
			<number>б/н</number>
			<name>Транспортная накладная</name>
		</document>
		<item>
			<name>WH0022 Жилет (пуховый) женский WH0022 2О1282 Черный</name>
			<size>164/170-96-104, р. 48</size>
			<ean>2040114123125</ean>
			<price>3359</price>
		</item>
		<order>
			<date>2023-12-07T16:51:19</date>
			<number>34411S</number>
			<paymentStatus>NotPaid</paymentStatus>
		</order>
		<parcelNumber>77000000054294</parcelNumber>
	</labels>
	<labels>
		<labelCode>0104620143969086215012207190133</labelCode>
		<operationType>1</operationType>
		<operationDate>2023-12-10T23:31:00</operationDate>
		<document>
			<date>2023-12-10T23:31:00</date>
			<number>б/н</number>
			<name>Транспортная накладная</name>
		</document>
		<item>
			<name>WH0022 Жилет (пуховый) женский WH0022 2О1282 Черный</name>
			<size>164/170-96-104, р. 48</size>
			<ean>2040109657000</ean>
			<price>3359</price>
		</item>
		<order>
			<date>2023-12-07T16:51:19</date>
			<number>34411S</number>
			<paymentStatus>NotPaid</paymentStatus>
		</order>
		<parcelNumber>77000000054294</parcelNumber>
	</labels>
	<labels>
		<labelCode>0104620143969086215012207190133</labelCode>
		<operationType>1</operationType>
		<operationDate>2023-12-10T23:31:00</operationDate>
		<document>
			<date>2023-12-10T23:31:00</date>
			<number>б/н</number>
			<name>Транспортная накладная</name>
		</document>
		<item>
			<name>WH0022 Жилет (пуховый) женский WH0022 2О1282 Черный</name>
			<size>164/170-96-104, р. 48</size>
			<ean>2040106791431</ean>
			<price>3359</price>
		</item>
		<order>
			<date>2023-12-07T16:51:19</date>
			<number>34411S</number>
			<paymentStatus>NotPaid</paymentStatus>
		</order>
		<parcelNumber>77000000054294</parcelNumber>
	</labels>
	<labels>
		<labelCode>0104620143945974215012305380509</labelCode>
		<operationType>1</operationType>
		<operationDate>2023-12-10T23:31:00</operationDate>
		<document>
			<date>2023-12-10T23:31:00</date>
			<number>б/н</number>
			<name>Транспортная накладная</name>
		</document>
		<item>
			<name>BL1160K Блузка женская BL1160K 3О4487 Черный</name>
			<size>164/170-92-100, р. 46</size>
			<ean>2040120654200</ean>
			<price>1599</price>
		</item>
		<order>
			<date>2023-12-07T17:07:28</date>
			<number>34423S</number>
			<paymentStatus>NotPaid</paymentStatus>
		</order>
		<parcelNumber>99000000045978</parcelNumber>
	</labels>
	<labels>
		<labelCode>0104620143946261215012305380564</labelCode>
		<operationType>1</operationType>
		<operationDate>2023-12-10T23:31:00</operationDate>
		<document>
			<date>2023-12-10T23:31:00</date>
			<number>б/н</number>
			<name>Транспортная накладная</name>
		</document>
		<item>
			<name>BL1160K Блузка женская BL1160K 3О4487 Черный</name>
			<size>164/170-96-104, р. 48</size>
			<ean>2040120654248</ean>
			<price>1199</price>
		</item>
		<order>
			<date>2023-12-07T17:36:53</date>
			<number>34441S</number>
			<paymentStatus>NotPaid</paymentStatus>
		</order>
		<parcelNumber>77000000054324</parcelNumber>
	</labels>
	<labels>
		<labelCode>0104620143955560215012305970537</labelCode>
		<operationType>1</operationType>
		<operationDate>2023-12-10T23:31:00</operationDate>
		<document>
			<date>2023-12-10T23:31:00</date>
			<number>б/н</number>
			<name>Транспортная накладная</name>
		</document>
		<item>
			<name>BL1160K Блузка женская BL1160K 3О4488 Малиновый</name>
			<size>164/170-92-100, р. 46</size>
			<ean>2040120948972</ean>
			<price>1599</price>
		</item>
		<order>
			<date>2023-12-07T17:07:28</date>
			<number>34423S</number>
			<paymentStatus>NotPaid</paymentStatus>
		</order>
		<parcelNumber>99000000045978</parcelNumber>
	</labels>
	<labels>
		<labelCode>0104620143955553215012305970104</labelCode>
		<operationType>1</operationType>
		<operationDate>2023-12-10T23:31:00</operationDate>
		<document>
			<date>2023-12-10T23:31:00</date>
			<number>б/н</number>
			<name>Транспортная накладная</name>
		</document>
		<item>
			<name>BL1160K Блузка женская BL1160K 3О4488 Малиновый</name>
			<size>164/170-88-96, р. 44</size>
			<ean>2040120949009</ean>
			<price>1599</price>
		</item>
		<order>
			<date>2023-12-07T18:45:53</date>
			<number>34475S</number>
			<paymentStatus>NotPaid</paymentStatus>
		</order>
		<parcelNumber>77000000054306</parcelNumber>
	</labels>
	<labels>
		<labelCode>0104620143974479215012306780186</labelCode>
		<operationType>1</operationType>
		<operationDate>2023-12-10T23:31:00</operationDate>
		<document>
			<date>2023-12-10T23:31:00</date>
			<number>б/н</number>
			<name>Транспортная накладная</name>
		</document>
		<item>
			<name>TP0023KR Блузка женская TP0023KR 3О4344 Черный</name>
			<size>164/170-96-104, р. 48</size>
			<ean>2040121327578</ean>
			<price>1199</price>
		</item>
		<order>
			<date>2023-12-07T19:27:12</date>
			<number>34513S</number>
			<paymentStatus>NotPaid</paymentStatus>
		</order>
		<parcelNumber>99000000045973</parcelNumber>
	</labels>
	<labels>
		<labelCode>0104620143941839215012303860187</labelCode>
		<operationType>1</operationType>
		<operationDate>2023-12-10T23:31:00</operationDate>
		<document>
			<date>2023-12-10T23:31:00</date>
			<number>б/н</number>
			<name>Транспортная накладная</name>
		</document>
		<item>
			<name>BL0800V5 Блузка женская BL0800V5 3О4472 Темно-синий</name>
			<size>170-104-112, р. 52</size>
			<ean>2040121935490</ean>
			<price>2799</price>
		</item>
		<order>
			<date>2023-12-07T13:33:17</date>
			<number>34282S</number>
			<paymentStatus>NotPaid</paymentStatus>
		</order>
		<parcelNumber>77000000054327</parcelNumber>
	</labels>
	<labels>
		<labelCode>0104620143941839215012303860187</labelCode>
		<operationType>1</operationType>
		<operationDate>2023-12-10T23:31:00</operationDate>
		<document>
			<date>2023-12-10T23:31:00</date>
			<number>б/н</number>
			<name>Транспортная накладная</name>
		</document>
		<item>
			<name>BL0800V5 Блузка женская BL0800V5 3О4472 Темно-синий</name>
			<size>170-104-112, р. 52</size>
			<ean>2040121586616</ean>
			<price>2799</price>
		</item>
		<order>
			<date>2023-12-07T13:33:17</date>
			<number>34282S</number>
			<paymentStatus>NotPaid</paymentStatus>
		</order>
		<parcelNumber>77000000054327</parcelNumber>
	</labels>
	<labels>
		<labelCode>0104620143941839215012303860187</labelCode>
		<operationType>1</operationType>
		<operationDate>2023-12-10T23:31:00</operationDate>
		<document>
			<date>2023-12-10T23:31:00</date>
			<number>б/н</number>
			<name>Транспортная накладная</name>
		</document>
		<item>
			<name>BL0800V5 Блузка женская BL0800V5 3О4472 Темно-синий</name>
			<size>170-104-112, р. 52</size>
			<ean>2040119581630</ean>
			<price>2799</price>
		</item>
		<order>
			<date>2023-12-07T13:33:17</date>
			<number>34282S</number>
			<paymentStatus>NotPaid</paymentStatus>
		</order>
		<parcelNumber>77000000054327</parcelNumber>
	</labels>
	<labels>
		<labelCode>0104620143941839215012303860187</labelCode>
		<operationType>1</operationType>
		<operationDate>2023-12-10T23:31:00</operationDate>
		<document>
			<date>2023-12-10T23:31:00</date>
			<number>б/н</number>
			<name>Транспортная накладная</name>
		</document>
		<item>
			<name>BL0800V5 Блузка женская BL0800V5 3О4472 Темно-синий</name>
			<size>170-104-112, р. 52</size>
			<ean>2040121586630</ean>
			<price>2799</price>
		</item>
		<order>
			<date>2023-12-07T13:33:17</date>
			<number>34282S</number>
			<paymentStatus>NotPaid</paymentStatus>
		</order>
		<parcelNumber>77000000054327</parcelNumber>
	</labels>
	<labels>
		<labelCode>0104620143986670215012307440261</labelCode>
		<operationType>1</operationType>
		<operationDate>2023-12-10T23:31:00</operationDate>
		<document>
			<date>2023-12-10T23:31:00</date>
			<number>б/н</number>
			<name>Транспортная накладная</name>
		</document>
		<item>
			<name>KR0058S Куртка женская KR0058S 3О4850 Молочный</name>
			<size>164/170-84-92, р. 42</size>
			<ean>2040121528944</ean>
			<price>3199</price>
		</item>
		<order>
			<date>2023-12-07T07:18:25</date>
			<number>34027S</number>
			<paymentStatus>NotPaid</paymentStatus>
		</order>
		<parcelNumber>44000000019408</parcelNumber>
	</labels>
	<labels>
		<labelCode>0104620143986670215012307440261</labelCode>
		<operationType>1</operationType>
		<operationDate>2023-12-10T23:31:00</operationDate>
		<document>
			<date>2023-12-10T23:31:00</date>
			<number>б/н</number>
			<name>Транспортная накладная</name>
		</document>
		<item>
			<name>KR0058S Куртка женская KR0058S 3О4850 Молочный</name>
			<size>164/170-84-92, р. 42</size>
			<ean>2040121528999</ean>
			<price>3199</price>
		</item>
		<order>
			<date>2023-12-07T07:18:25</date>
			<number>34027S</number>
			<paymentStatus>NotPaid</paymentStatus>
		</order>
		<parcelNumber>44000000019408</parcelNumber>
	</labels>
	<labels>
		<labelCode>0104620143986717215012307440234</labelCode>
		<operationType>1</operationType>
		<operationDate>2023-12-10T23:31:00</operationDate>
		<document>
			<date>2023-12-10T23:31:00</date>
			<number>б/н</number>
			<name>Транспортная накладная</name>
		</document>
		<item>
			<name>KR0058S Куртка женская KR0058S 3О4850 Молочный</name>
			<size>164/170-92-100, р. 46</size>
			<ean>2040121528937</ean>
			<price>3199</price>
		</item>
		<order>
			<date>2023-12-07T17:56:04</date>
			<number>34448S</number>
			<paymentStatus>NotPaid</paymentStatus>
		</order>
		<parcelNumber>44000000019390</parcelNumber>
	</labels>
	<labels>
		<labelCode>0104620143986717215012307440234</labelCode>
		<operationType>1</operationType>
		<operationDate>2023-12-10T23:31:00</operationDate>
		<document>
			<date>2023-12-10T23:31:00</date>
			<number>б/н</number>
			<name>Транспортная накладная</name>
		</document>
		<item>
			<name>KR0058S Куртка женская KR0058S 3О4850 Молочный</name>
			<size>164/170-92-100, р. 46</size>
			<ean>2040121528982</ean>
			<price>3199</price>
		</item>
		<order>
			<date>2023-12-07T17:56:04</date>
			<number>34448S</number>
			<paymentStatus>NotPaid</paymentStatus>
		</order>
		<parcelNumber>44000000019390</parcelNumber>
	</labels>
	<labels>
		<labelCode>0104620143971546215012210530005</labelCode>
		<operationType>1</operationType>
		<operationDate>2023-12-10T23:31:00</operationDate>
		<document>
			<date>2023-12-10T23:31:00</date>
			<number>б/н</number>
			<name>Транспортная накладная</name>
		</document>
		<item>
			<name>IPH0011 Куртка мужская IPH0011 2О1596 Черный</name>
			<size>182-96-84, р. 48</size>
			<ean>2040114120742</ean>
			<price>3599</price>
		</item>
		<order>
			<date>2023-12-07T12:12:30</date>
			<number>34225S</number>
			<paymentStatus>NotPaid</paymentStatus>
		</order>
		<parcelNumber>44000000019405</parcelNumber>
	</labels>
	<labels>
		<labelCode>0104620143971546215012210530005</labelCode>
		<operationType>1</operationType>
		<operationDate>2023-12-10T23:31:00</operationDate>
		<document>
			<date>2023-12-10T23:31:00</date>
			<number>б/н</number>
			<name>Транспортная накладная</name>
		</document>
		<item>
			<name>IPH0011 Куртка мужская IPH0011 2О1596 Черный</name>
			<size>182-96-84, р. 48</size>
			<ean>2040108282647</ean>
			<price>3599</price>
		</item>
		<order>
			<date>2023-12-07T12:12:30</date>
			<number>34225S</number>
			<paymentStatus>NotPaid</paymentStatus>
		</order>
		<parcelNumber>44000000019405</parcelNumber>
	</labels>
	<labels>
		<labelCode>0104620143971546215012210530005</labelCode>
		<operationType>1</operationType>
		<operationDate>2023-12-10T23:31:00</operationDate>
		<document>
			<date>2023-12-10T23:31:00</date>
			<number>б/н</number>
			<name>Транспортная накладная</name>
		</document>
		<item>
			<name>IPH0011 Куртка мужская IPH0011 2О1596 Черный</name>
			<size>182-96-84, р. 48</size>
			<ean>2040100334733</ean>
			<price>3599</price>
		</item>
		<order>
			<date>2023-12-07T12:12:30</date>
			<number>34225S</number>
			<paymentStatus>NotPaid</paymentStatus>
		</order>
		<parcelNumber>44000000019405</parcelNumber>
	</labels>
	<labels>
		<labelCode>0104620143971546215012210530005</labelCode>
		<operationType>1</operationType>
		<operationDate>2023-12-10T23:31:00</operationDate>
		<document>
			<date>2023-12-10T23:31:00</date>
			<number>б/н</number>
			<name>Транспортная накладная</name>
		</document>
		<item>
			<name>IPH0011 Куртка мужская IPH0011 2О1596 Черный</name>
			<size>182-96-84, р. 48</size>
			<ean>2040120771020</ean>
			<price>3599</price>
		</item>
		<order>
			<date>2023-12-07T12:12:30</date>
			<number>34225S</number>
			<paymentStatus>NotPaid</paymentStatus>
		</order>
		<parcelNumber>44000000019405</parcelNumber>
	</labels>
	<labels>
		<labelCode>0104620143971546215012210530005</labelCode>
		<operationType>1</operationType>
		<operationDate>2023-12-10T23:31:00</operationDate>
		<document>
			<date>2023-12-10T23:31:00</date>
			<number>б/н</number>
			<name>Транспортная накладная</name>
		</document>
		<item>
			<name>IPH0011 Куртка мужская IPH0011 2О1596 Черный</name>
			<size>182-96-84, р. 48</size>
			<ean>2040116244705</ean>
			<price>3599</price>
		</item>
		<order>
			<date>2023-12-07T12:12:30</date>
			<number>34225S</number>
			<paymentStatus>NotPaid</paymentStatus>
		</order>
		<parcelNumber>44000000019405</parcelNumber>
	</labels>
	<labels>
		<labelCode>0104620143971546215012210530005</labelCode>
		<operationType>1</operationType>
		<operationDate>2023-12-10T23:31:00</operationDate>
		<document>
			<date>2023-12-10T23:31:00</date>
			<number>б/н</number>
			<name>Транспортная накладная</name>
		</document>
		<item>
			<name>IPH0011 Куртка мужская IPH0011 2О1596 Черный</name>
			<size>182-96-84, р. 48</size>
			<ean>2040100334740</ean>
			<price>3599</price>
		</item>
		<order>
			<date>2023-12-07T12:12:30</date>
			<number>34225S</number>
			<paymentStatus>NotPaid</paymentStatus>
		</order>
		<parcelNumber>44000000019405</parcelNumber>
	</labels>
	<labels>
		<labelCode>0104620143971546215012210530005</labelCode>
		<operationType>1</operationType>
		<operationDate>2023-12-10T23:31:00</operationDate>
		<document>
			<date>2023-12-10T23:31:00</date>
			<number>б/н</number>
			<name>Транспортная накладная</name>
		</document>
		<item>
			<name>IPH0011 Куртка мужская IPH0011 2О1596 Черный</name>
			<size>182-96-84, р. 48</size>
			<ean>2040116746988</ean>
			<price>3599</price>
		</item>
		<order>
			<date>2023-12-07T12:12:30</date>
			<number>34225S</number>
			<paymentStatus>NotPaid</paymentStatus>
		</order>
		<parcelNumber>44000000019405</parcelNumber>
	</labels>
	<labels>
		<labelCode>0104670185800212215012308900218</labelCode>
		<operationType>1</operationType>
		<operationDate>2023-12-10T23:31:00</operationDate>
		<document>
			<date>2023-12-10T23:31:00</date>
			<number>б/н</number>
			<name>Транспортная накладная</name>
		</document>
		<item>
			<name>KR0058S Куртка женская KR0058S 3О4851 Зеленый</name>
			<size>164/170-88-96, р. 44</size>
			<ean>2040121855262</ean>
			<price>3199</price>
		</item>
		<order>
			<date>2023-12-07T00:33:45</date>
			<number>33970S</number>
			<paymentStatus>NotPaid</paymentStatus>
		</order>
		<parcelNumber>44000000019406</parcelNumber>
	</labels>
	<labels>
		<labelCode>0104670185800212215012308900218</labelCode>
		<operationType>1</operationType>
		<operationDate>2023-12-10T23:31:00</operationDate>
		<document>
			<date>2023-12-10T23:31:00</date>
			<number>б/н</number>
			<name>Транспортная накладная</name>
		</document>
		<item>
			<name>KR0058S Куртка женская KR0058S 3О4851 Зеленый</name>
			<size>164/170-88-96, р. 44</size>
			<ean>2040121855101</ean>
			<price>3199</price>
		</item>
		<order>
			<date>2023-12-07T00:33:45</date>
			<number>33970S</number>
			<paymentStatus>NotPaid</paymentStatus>
		</order>
		<parcelNumber>44000000019406</parcelNumber>
	</labels>
	<labels>
		<labelCode>0104670185801639215012309620092</labelCode>
		<operationType>1</operationType>
		<operationDate>2023-12-10T23:31:00</operationDate>
		<document>
			<date>2023-12-10T23:31:00</date>
			<number>б/н</number>
			<name>Транспортная накладная</name>
		</document>
		<item>
			<name>KR0060S Куртка женская KR0060S 3О4878 Коричнево-бежевый</name>
			<size>170-108-116, р. 54</size>
			<ean>2040121993483</ean>
			<price>8799</price>
		</item>
		<order>
			<date>2023-12-07T19:21:33</date>
			<number>34510S</number>
			<paymentStatus>NotPaid</paymentStatus>
		</order>
		<parcelNumber>77000000054320</parcelNumber>
	</labels>
	<labels>
		<labelCode>0104670185804517215012311140208</labelCode>
		<operationType>1</operationType>
		<operationDate>2023-12-10T23:31:00</operationDate>
		<document>
			<date>2023-12-10T23:31:00</date>
			<number>б/н</number>
			<name>Транспортная накладная</name>
		</document>
		<item>
			<name>BL0343K2 Блузка женская BL0343K2 3О4541 Белый</name>
			<size>164/170-96-104, р. 48</size>
			<ean>2040124520112</ean>
			<price>3199</price>
		</item>
		<order>
			<date>2023-12-07T18:35:27</date>
			<number>34467S</number>
			<paymentStatus>NotPaid</paymentStatus>
		</order>
		<parcelNumber>44000000019402</parcelNumber>
	</labels>
	<labels>
		<labelCode>0104670185804517215012311140208</labelCode>
		<operationType>1</operationType>
		<operationDate>2023-12-10T23:31:00</operationDate>
		<document>
			<date>2023-12-10T23:31:00</date>
			<number>б/н</number>
			<name>Транспортная накладная</name>
		</document>
		<item>
			<name>BL0343K2 Блузка женская BL0343K2 3О4541 Белый</name>
			<size>164/170-96-104, р. 48</size>
			<ean>2040123174408</ean>
			<price>3199</price>
		</item>
		<order>
			<date>2023-12-07T18:35:27</date>
			<number>34467S</number>
			<paymentStatus>NotPaid</paymentStatus>
		</order>
		<parcelNumber>44000000019402</parcelNumber>
	</labels>
	<labels>
		<labelCode>0104670185804517215012311140208</labelCode>
		<operationType>1</operationType>
		<operationDate>2023-12-10T23:31:00</operationDate>
		<document>
			<date>2023-12-10T23:31:00</date>
			<number>б/н</number>
			<name>Транспортная накладная</name>
		</document>
		<item>
			<name>BL0343K2 Блузка женская BL0343K2 3О4541 Белый</name>
			<size>164/170-96-104, р. 48</size>
			<ean>2040122623389</ean>
			<price>3199</price>
		</item>
		<order>
			<date>2023-12-07T18:35:27</date>
			<number>34467S</number>
			<paymentStatus>NotPaid</paymentStatus>
		</order>
		<parcelNumber>44000000019402</parcelNumber>
	</labels>
	<labels>
		<labelCode>0104670185804517215012311140208</labelCode>
		<operationType>1</operationType>
		<operationDate>2023-12-10T23:31:00</operationDate>
		<document>
			<date>2023-12-10T23:31:00</date>
			<number>б/н</number>
			<name>Транспортная накладная</name>
		</document>
		<item>
			<name>BL0343K2 Блузка женская BL0343K2 3О4541 Белый</name>
			<size>164/170-96-104, р. 48</size>
			<ean>2040122473670</ean>
			<price>3199</price>
		</item>
		<order>
			<date>2023-12-07T18:35:27</date>
			<number>34467S</number>
			<paymentStatus>NotPaid</paymentStatus>
		</order>
		<parcelNumber>44000000019402</parcelNumber>
	</labels>
	<labels>
		<labelCode>0104670185803022215012310250055</labelCode>
		<operationType>1</operationType>
		<operationDate>2023-12-10T23:31:00</operationDate>
		<document>
			<date>2023-12-10T23:31:00</date>
			<number>б/н</number>
			<name>Транспортная накладная</name>
		</document>
		<item>
			<name>BL1205K Блузка женская BL1205K 3О5589 Молочный</name>
			<size>170-112-120, р. 56</size>
			<ean>2040122231454</ean>
			<price>1699</price>
		</item>
		<order>
			<date>2023-12-10T10:06:17</date>
			<number>35286S</number>
			<paymentStatus>PaidUp</paymentStatus>
		</order>
		<parcelNumber>77000000054305</parcelNumber>
	</labels>
	<labels>
		<labelCode>0104670185803022215012310250055</labelCode>
		<operationType>1</operationType>
		<operationDate>2023-12-10T23:31:00</operationDate>
		<document>
			<date>2023-12-10T23:31:00</date>
			<number>б/н</number>
			<name>Транспортная накладная</name>
		</document>
		<item>
			<name>BL1205K Блузка женская BL1205K 3О5589 Молочный</name>
			<size>170-112-120, р. 56</size>
			<ean>2040125120953</ean>
			<price>1699</price>
		</item>
		<order>
			<date>2023-12-10T10:06:17</date>
			<number>35286S</number>
			<paymentStatus>PaidUp</paymentStatus>
		</order>
		<parcelNumber>77000000054305</parcelNumber>
	</labels>
	<labels>
		<labelCode>0104670185803022215012310250055</labelCode>
		<operationType>1</operationType>
		<operationDate>2023-12-10T23:31:00</operationDate>
		<document>
			<date>2023-12-10T23:31:00</date>
			<number>б/н</number>
			<name>Транспортная накладная</name>
		</document>
		<item>
			<name>BL1205K Блузка женская BL1205K 3О5589 Молочный</name>
			<size>170-112-120, р. 56</size>
			<ean>2040125154965</ean>
			<price>1699</price>
		</item>
		<order>
			<date>2023-12-10T10:06:17</date>
			<number>35286S</number>
			<paymentStatus>PaidUp</paymentStatus>
		</order>
		<parcelNumber>77000000054305</parcelNumber>
	</labels>
	<labels>
		<labelCode>0104670185803022215012310250055</labelCode>
		<operationType>1</operationType>
		<operationDate>2023-12-10T23:31:00</operationDate>
		<document>
			<date>2023-12-10T23:31:00</date>
			<number>б/н</number>
			<name>Транспортная накладная</name>
		</document>
		<item>
			<name>BL1205K Блузка женская BL1205K 3О5589 Молочный</name>
			<size>170-112-120, р. 56</size>
			<ean>2040121934684</ean>
			<price>1699</price>
		</item>
		<order>
			<date>2023-12-10T10:06:17</date>
			<number>35286S</number>
			<paymentStatus>PaidUp</paymentStatus>
		</order>
		<parcelNumber>77000000054305</parcelNumber>
	</labels>
	<labels>
		<labelCode>0104620143954358215012300100111</labelCode>
		<operationType>1</operationType>
		<operationDate>2023-12-10T23:31:00</operationDate>
		<document>
			<date>2023-12-10T23:31:00</date>
			<number>б/н</number>
			<name>Транспортная накладная</name>
		</document>
		<item>
			<name>PH0059Y1 Куртка женская PH0059Y1 3О6880 Темно-синий</name>
			<size>164/170-100-108, р. 50</size>
			<ean>2040121765516</ean>
			<price>16999</price>
		</item>
		<order>
			<date>2023-12-10T10:20:44</date>
			<number>35289S</number>
			<paymentStatus>PaidUp</paymentStatus>
		</order>
		<parcelNumber>77000000054293</parcelNumber>
	</labels>
	<labels>
		<labelCode>0104620143954358215012300100111</labelCode>
		<operationType>1</operationType>
		<operationDate>2023-12-10T23:31:00</operationDate>
		<document>
			<date>2023-12-10T23:31:00</date>
			<number>б/н</number>
			<name>Транспортная накладная</name>
		</document>
		<item>
			<name>PH0059Y1 Куртка женская PH0059Y1 3О6880 Темно-синий</name>
			<size>164/170-100-108, р. 50</size>
			<ean>2040123154776</ean>
			<price>16999</price>
		</item>
		<order>
			<date>2023-12-10T10:20:44</date>
			<number>35289S</number>
			<paymentStatus>PaidUp</paymentStatus>
		</order>
		<parcelNumber>77000000054293</parcelNumber>
	</labels>
	<labels>
		<labelCode>0104620143954358215012300100111</labelCode>
		<operationType>1</operationType>
		<operationDate>2023-12-10T23:31:00</operationDate>
		<document>
			<date>2023-12-10T23:31:00</date>
			<number>б/н</number>
			<name>Транспортная накладная</name>
		</document>
		<item>
			<name>PH0059Y1 Куртка женская PH0059Y1 3О6880 Темно-синий</name>
			<size>164/170-100-108, р. 50</size>
			<ean>2040120901854</ean>
			<price>16999</price>
		</item>
		<order>
			<date>2023-12-10T10:20:44</date>
			<number>35289S</number>
			<paymentStatus>PaidUp</paymentStatus>
		</order>
		<parcelNumber>77000000054293</parcelNumber>
	</labels>
	<labels>
		<labelCode>0104670185805552215012311550012</labelCode>
		<operationType>1</operationType>
		<operationDate>2023-12-10T23:31:00</operationDate>
		<document>
			<date>2023-12-10T23:31:00</date>
			<number>б/н</number>
			<name>Транспортная накладная</name>
		</document>
		<item>
			<name>IPH0022R Куртка мужская IPH0022R 3О5402 Черный</name>
			<size>182-112-100, р. 56</size>
			<ean>2040122646760</ean>
			<price>9999</price>
		</item>
		<order>
			<date>2023-12-10T09:43:53</date>
			<number>35284S</number>
			<paymentStatus>NotPaid</paymentStatus>
		</order>
		<parcelNumber>99000000045975</parcelNumber>
	</labels>
	<labels>
		<labelCode>0104670185807013215012313140115</labelCode>
		<operationType>1</operationType>
		<operationDate>2023-12-10T23:31:00</operationDate>
		<document>
			<date>2023-12-10T23:31:00</date>
			<number>б/н</number>
			<name>Транспортная накладная</name>
		</document>
		<item>
			<name>PH0038 Куртка женская PH0038 3О5471 Бежевый</name>
			<size>164/170-96-104, р. 48</size>
			<ean>2040123041168</ean>
			<price>19999</price>
		</item>
		<order>
			<date>2023-12-10T10:20:44</date>
			<number>35289S</number>
			<paymentStatus>PaidUp</paymentStatus>
		</order>
		<parcelNumber>77000000054293</parcelNumber>
	</labels>
	<labels>
		<labelCode>0104670185807013215012313140115</labelCode>
		<operationType>1</operationType>
		<operationDate>2023-12-10T23:31:00</operationDate>
		<document>
			<date>2023-12-10T23:31:00</date>
			<number>б/н</number>
			<name>Транспортная накладная</name>
		</document>
		<item>
			<name>PH0038 Куртка женская PH0038 3О5471 Бежевый</name>
			<size>164/170-96-104, р. 48</size>
			<ean>2040125153784</ean>
			<price>19999</price>
		</item>
		<order>
			<date>2023-12-10T10:20:44</date>
			<number>35289S</number>
			<paymentStatus>PaidUp</paymentStatus>
		</order>
		<parcelNumber>77000000054293</parcelNumber>
	</labels>
	<labels>
		<labelCode>0104670185807013215012313140115</labelCode>
		<operationType>1</operationType>
		<operationDate>2023-12-10T23:31:00</operationDate>
		<document>
			<date>2023-12-10T23:31:00</date>
			<number>б/н</number>
			<name>Транспортная накладная</name>
		</document>
		<item>
			<name>PH0038 Куртка женская PH0038 3О5471 Бежевый</name>
			<size>164/170-96-104, р. 48</size>
			<ean>2040125119735</ean>
			<price>19999</price>
		</item>
		<order>
			<date>2023-12-10T10:20:44</date>
			<number>35289S</number>
			<paymentStatus>PaidUp</paymentStatus>
		</order>
		<parcelNumber>77000000054293</parcelNumber>
	</labels>
	<labels>
		<labelCode>0104670185807013215012313140115</labelCode>
		<operationType>1</operationType>
		<operationDate>2023-12-10T23:31:00</operationDate>
		<document>
			<date>2023-12-10T23:31:00</date>
			<number>б/н</number>
			<name>Транспортная накладная</name>
		</document>
		<item>
			<name>PH0038 Куртка женская PH0038 3О5471 Бежевый</name>
			<size>164/170-96-104, р. 48</size>
			<ean>2040124522222</ean>
			<price>19999</price>
		</item>
		<order>
			<date>2023-12-10T10:20:44</date>
			<number>35289S</number>
			<paymentStatus>PaidUp</paymentStatus>
		</order>
		<parcelNumber>77000000054293</parcelNumber>
	</labels>
	<labels>
		<labelCode>0104670185802957215012312270127</labelCode>
		<operationType>1</operationType>
		<operationDate>2023-12-10T23:31:00</operationDate>
		<document>
			<date>2023-12-10T23:31:00</date>
			<number>б/н</number>
			<name>Транспортная накладная</name>
		</document>
		<item>
			<name>BL1205K Блузка женская BL1205K 3О5510 Черный</name>
			<size>170-104-112, р. 52</size>
			<ean>2040125121028</ean>
			<price>1359</price>
		</item>
		<order>
			<date>2023-12-07T19:49:13</date>
			<number>34538S</number>
			<paymentStatus>NotPaid</paymentStatus>
		</order>
		<parcelNumber>99000000045971</parcelNumber>
	</labels>
	<labels>
		<labelCode>0104670185802957215012312270127</labelCode>
		<operationType>1</operationType>
		<operationDate>2023-12-10T23:31:00</operationDate>
		<document>
			<date>2023-12-10T23:31:00</date>
			<number>б/н</number>
			<name>Транспортная накладная</name>
		</document>
		<item>
			<name>BL1205K Блузка женская BL1205K 3О5510 Черный</name>
			<size>170-104-112, р. 52</size>
			<ean>2040125155030</ean>
			<price>1359</price>
		</item>
		<order>
			<date>2023-12-07T19:49:13</date>
			<number>34538S</number>
			<paymentStatus>NotPaid</paymentStatus>
		</order>
		<parcelNumber>99000000045971</parcelNumber>
	</labels>
	<labels>
		<labelCode>0104670185802957215012312270127</labelCode>
		<operationType>1</operationType>
		<operationDate>2023-12-10T23:31:00</operationDate>
		<document>
			<date>2023-12-10T23:31:00</date>
			<number>б/н</number>
			<name>Транспортная накладная</name>
		</document>
		<item>
			<name>BL1205K Блузка женская BL1205K 3О5510 Черный</name>
			<size>170-104-112, р. 52</size>
			<ean>2040122219643</ean>
			<price>1359</price>
		</item>
		<order>
			<date>2023-12-07T19:49:13</date>
			<number>34538S</number>
			<paymentStatus>NotPaid</paymentStatus>
		</order>
		<parcelNumber>99000000045971</parcelNumber>
	</labels>
	<labels>
		<labelCode>0104670185802957215012312270127</labelCode>
		<operationType>1</operationType>
		<operationDate>2023-12-10T23:31:00</operationDate>
		<document>
			<date>2023-12-10T23:31:00</date>
			<number>б/н</number>
			<name>Транспортная накладная</name>
		</document>
		<item>
			<name>BL1205K Блузка женская BL1205K 3О5510 Черный</name>
			<size>170-104-112, р. 52</size>
			<ean>2040122885329</ean>
			<price>1359</price>
		</item>
		<order>
			<date>2023-12-07T19:49:13</date>
			<number>34538S</number>
			<paymentStatus>NotPaid</paymentStatus>
		</order>
		<parcelNumber>99000000045971</parcelNumber>
	</labels>
	<labels>
		<labelCode>0104670185802537215012319830035</labelCode>
		<operationType>1</operationType>
		<operationDate>2023-12-10T23:31:00</operationDate>
		<document>
			<date>2023-12-10T23:31:00</date>
			<number>б/н</number>
			<name>Транспортная накладная</name>
		</document>
		<item>
			<name>PH003551R Куртка женская PH003551R 3О4855 Зеленый</name>
			<size>164/170-100-108, р. 50</size>
			<ean>2040123214920</ean>
			<price>17999</price>
		</item>
		<order>
			<date>2023-12-07T16:51:19</date>
			<number>34411S</number>
			<paymentStatus>NotPaid</paymentStatus>
		</order>
		<parcelNumber>77000000054294</parcelNumber>
	</labels>
	<labels>
		<labelCode>0104670185802537215012319830035</labelCode>
		<operationType>1</operationType>
		<operationDate>2023-12-10T23:31:00</operationDate>
		<document>
			<date>2023-12-10T23:31:00</date>
			<number>б/н</number>
			<name>Транспортная накладная</name>
		</document>
		<item>
			<name>PH003551R Куртка женская PH003551R 3О4855 Зеленый</name>
			<size>164/170-100-108, р. 50</size>
			<ean>2040122098767</ean>
			<price>17999</price>
		</item>
		<order>
			<date>2023-12-07T16:51:19</date>
			<number>34411S</number>
			<paymentStatus>NotPaid</paymentStatus>
		</order>
		<parcelNumber>77000000054294</parcelNumber>
	</labels>
	<labels>
		<labelCode>0104670185802537215012319830035</labelCode>
		<operationType>1</operationType>
		<operationDate>2023-12-10T23:31:00</operationDate>
		<document>
			<date>2023-12-10T23:31:00</date>
			<number>б/н</number>
			<name>Транспортная накладная</name>
		</document>
		<item>
			<name>PH003551R Куртка женская PH003551R 3О4855 Зеленый</name>
			<size>164/170-100-108, р. 50</size>
			<ean>2040121764793</ean>
			<price>17999</price>
		</item>
		<order>
			<date>2023-12-07T16:51:19</date>
			<number>34411S</number>
			<paymentStatus>NotPaid</paymentStatus>
		</order>
		<parcelNumber>77000000054294</parcelNumber>
	</labels>
	<labels>
		<labelCode>0104670185802537215012319830035</labelCode>
		<operationType>1</operationType>
		<operationDate>2023-12-10T23:31:00</operationDate>
		<document>
			<date>2023-12-10T23:31:00</date>
			<number>б/н</number>
			<name>Транспортная накладная</name>
		</document>
		<item>
			<name>PH003551R Куртка женская PH003551R 3О4855 Зеленый</name>
			<size>164/170-100-108, р. 50</size>
			<ean>2040122217267</ean>
			<price>17999</price>
		</item>
		<order>
			<date>2023-12-07T16:51:19</date>
			<number>34411S</number>
			<paymentStatus>NotPaid</paymentStatus>
		</order>
		<parcelNumber>77000000054294</parcelNumber>
	</labels>
	<labels>
		<labelCode>0104670185804302215012310930221</labelCode>
		<operationType>1</operationType>
		<operationDate>2023-12-10T23:31:00</operationDate>
		<document>
			<date>2023-12-10T23:31:00</date>
			<number>б/н</number>
			<name>Транспортная накладная</name>
		</document>
		<item>
			<name>BL1206K Блузка женская BL1206K 3О5530 Молочный</name>
			<size>170-100-108, р. 50</size>
			<ean>2040125078896</ean>
			<price>1999</price>
		</item>
		<order>
			<date>2023-12-07T15:30:48</date>
			<number>34359S</number>
			<paymentStatus>NotPaid</paymentStatus>
		</order>
		<parcelNumber>77000000054304</parcelNumber>
	</labels>
	<labels>
		<labelCode>0104670185804302215012310930221</labelCode>
		<operationType>1</operationType>
		<operationDate>2023-12-10T23:31:00</operationDate>
		<document>
			<date>2023-12-10T23:31:00</date>
			<number>б/н</number>
			<name>Транспортная накладная</name>
		</document>
		<item>
			<name>BL1206K Блузка женская BL1206K 3О5530 Молочный</name>
			<size>170-100-108, р. 50</size>
			<ean>2040122883578</ean>
			<price>1999</price>
		</item>
		<order>
			<date>2023-12-07T15:30:48</date>
			<number>34359S</number>
			<paymentStatus>NotPaid</paymentStatus>
		</order>
		<parcelNumber>77000000054304</parcelNumber>
	</labels>
	<labels>
		<labelCode>0104670185804302215012310930221</labelCode>
		<operationType>1</operationType>
		<operationDate>2023-12-10T23:31:00</operationDate>
		<document>
			<date>2023-12-10T23:31:00</date>
			<number>б/н</number>
			<name>Транспортная накладная</name>
		</document>
		<item>
			<name>BL1206K Блузка женская BL1206K 3О5530 Молочный</name>
			<size>170-100-108, р. 50</size>
			<ean>2040122381623</ean>
			<price>1999</price>
		</item>
		<order>
			<date>2023-12-07T15:30:48</date>
			<number>34359S</number>
			<paymentStatus>NotPaid</paymentStatus>
		</order>
		<parcelNumber>77000000054304</parcelNumber>
	</labels>
	<labels>
		<labelCode>0104670185804333215012312190003</labelCode>
		<operationType>1</operationType>
		<operationDate>2023-12-10T23:31:00</operationDate>
		<document>
			<date>2023-12-10T23:31:00</date>
			<number>б/н</number>
			<name>Транспортная накладная</name>
		</document>
		<item>
			<name>BL1206K Блузка женская BL1206K 3О5530 Молочный</name>
			<size>170-112-120, р. 56</size>
			<ean>2040122381654</ean>
			<price>2499</price>
		</item>
		<order>
			<date>2023-12-10T10:06:17</date>
			<number>35286S</number>
			<paymentStatus>PaidUp</paymentStatus>
		</order>
		<parcelNumber>77000000054305</parcelNumber>
	</labels>
	<labels>
		<labelCode>0104670185804333215012312190003</labelCode>
		<operationType>1</operationType>
		<operationDate>2023-12-10T23:31:00</operationDate>
		<document>
			<date>2023-12-10T23:31:00</date>
			<number>б/н</number>
			<name>Транспортная накладная</name>
		</document>
		<item>
			<name>BL1206K Блузка женская BL1206K 3О5530 Молочный</name>
			<size>170-112-120, р. 56</size>
			<ean>2040122883554</ean>
			<price>2499</price>
		</item>
		<order>
			<date>2023-12-10T10:06:17</date>
			<number>35286S</number>
			<paymentStatus>PaidUp</paymentStatus>
		</order>
		<parcelNumber>77000000054305</parcelNumber>
	</labels>
</labelsRequest>