﻿<?xml version="1.0" encoding="UTF-8"?>
<shipmentAnnouncementRequest xmlns="http://service.profashionsolutions.ru/fe720_r002" xmlns:xs="http://www.w3.org/2001/XMLSchema" xmlns:xsi="http://www.w3.org/2001/XMLSchema-instance">
	<service>
		<shop>5701</shop>
		<token>gdhdj336adifbs11vcvvrm</token>
		<messageDate>P2023Y12M12DT11H57M30S</messageDate>
		<messageId>b36f0960-b5a8-407f-b8c5-05b92bd21c9d</messageId>
	</service>
	<items>
		<item>
			<uuid>e89fa160-2cc8-11ec-9dd1-0050568e2ffe</uuid>
			<size>339e3fc5-4c67-11ec-9dd2-0050568e2ffe</size>
			<ean/>
			<quantity>2</quantity>
			<price>5999</price>
			<labelCodes/>
		</item>
		<item>
			<uuid>e89fa160-2cc8-11ec-9dd1-0050568e2ffe</uuid>
			<size>339e3fc6-4c67-11ec-9dd2-0050568e2ffe</size>
			<ean/>
			<quantity>1</quantity>
			<price>5999</price>
			<labelCodes/>
		</item>
		<item>
			<uuid>a0e2a91b-3229-11ec-9dd2-0050568e2ffe</uuid>
			<size>d0e1e6e2-3320-11ec-9dd2-0050568e2ffe</size>
			<ean/>
			<quantity>1</quantity>
			<price>9999</price>
			<labelCodes/>
		</item>
		<item>
			<uuid>6f5b19c0-36ea-11ec-9dd2-0050568e2ffe</uuid>
			<size>75868fb4-5efb-11ec-9dd3-0050568e2ffe</size>
			<ean/>
			<quantity>1</quantity>
			<price>7999</price>
			<labelCodes/>
		</item>
		<item>
			<uuid>6f5b19c4-36ea-11ec-9dd2-0050568e2ffe</uuid>
			<size>75868fb8-5efb-11ec-9dd3-0050568e2ffe</size>
			<ean/>
			<quantity>1</quantity>
			<price>7999</price>
			<labelCodes/>
		</item>
		<item>
			<uuid>6f5b19c8-36ea-11ec-9dd2-0050568e2ffe</uuid>
			<size>3a5337bf-37b7-11ec-9dd2-0050568e2ffe</size>
			<ean/>
			<quantity>1</quantity>
			<price>4499</price>
			<labelCodes/>
		</item>
		<item>
			<uuid>6f5b19cc-36ea-11ec-9dd2-0050568e2ffe</uuid>
			<size>e2e20ba8-4c63-11ec-9dd2-0050568e2ffe</size>
			<ean/>
			<quantity>2</quantity>
			<price>11999</price>
			<labelCodes/>
		</item>
		<item>
			<uuid>eb043f5f-3bd4-11ec-9dd2-0050568e2ffe</uuid>
			<size>136810cf-4c64-11ec-9dd2-0050568e2ffe</size>
			<ean/>
			<quantity>1</quantity>
			<price>19999</price>
			<labelCodes>
				<labelCode>0104620143906029215012100100129</labelCode>
			</labelCodes>
		</item>
		<item>
			<uuid>eb043f6f-3bd4-11ec-9dd2-0050568e2ffe</uuid>
			<size>e2e20bb2-4c63-11ec-9dd2-0050568e2ffe</size>
			<ean/>
			<quantity>1</quantity>
			<price>5999</price>
			<labelCodes/>
		</item>
		<item>
			<uuid>eb043f6f-3bd4-11ec-9dd2-0050568e2ffe</uuid>
			<size>e2e20bb5-4c63-11ec-9dd2-0050568e2ffe</size>
			<ean/>
			<quantity>1</quantity>
			<price>5999</price>
			<labelCodes/>
		</item>
		<item>
			<uuid>eb043f73-3bd4-11ec-9dd2-0050568e2ffe</uuid>
			<size>e2e20bb8-4c63-11ec-9dd2-0050568e2ffe</size>
			<ean/>
			<quantity>1</quantity>
			<price>3999</price>
			<labelCodes/>
		</item>
		<item>
			<uuid>eb043f77-3bd4-11ec-9dd2-0050568e2ffe</uuid>
			<size>1368109b-4c64-11ec-9dd2-0050568e2ffe</size>
			<ean/>
			<quantity>1</quantity>
			<price>4499</price>
			<labelCodes/>
		</item>
		<item>
			<uuid>83d7c2b0-3bd5-11ec-9dd2-0050568e2ffe</uuid>
			<size>e2e20b8f-4c63-11ec-9dd2-0050568e2ffe</size>
			<ean/>
			<quantity>3</quantity>
			<price>5999</price>
			<labelCodes/>
		</item>
		<item>
			<uuid>83d7c2b4-3bd5-11ec-9dd2-0050568e2ffe</uuid>
			<size>e2e20b90-4c63-11ec-9dd2-0050568e2ffe</size>
			<ean/>
			<quantity>2</quantity>
			<price>5999</price>
			<labelCodes/>
		</item>
		<item>
			<uuid>83d7c2b4-3bd5-11ec-9dd2-0050568e2ffe</uuid>
			<size>e2e20b91-4c63-11ec-9dd2-0050568e2ffe</size>
			<ean/>
			<quantity>2</quantity>
			<price>5999</price>
			<labelCodes/>
		</item>
		<item>
			<uuid>83d7c2b4-3bd5-11ec-9dd2-0050568e2ffe</uuid>
			<size>e2e20b92-4c63-11ec-9dd2-0050568e2ffe</size>
			<ean/>
			<quantity>2</quantity>
			<price>5999</price>
			<labelCodes/>
		</item>
		<item>
			<uuid>83d7c2b4-3bd5-11ec-9dd2-0050568e2ffe</uuid>
			<size>e2e20b93-4c63-11ec-9dd2-0050568e2ffe</size>
			<ean/>
			<quantity>2</quantity>
			<price>5999</price>
			<labelCodes/>
		</item>
		<item>
			<uuid>83d7c2b4-3bd5-11ec-9dd2-0050568e2ffe</uuid>
			<size>e2e20b94-4c63-11ec-9dd2-0050568e2ffe</size>
			<ean/>
			<quantity>2</quantity>
			<price>5999</price>
			<labelCodes/>
		</item>
		<item>
			<uuid>83d7c2bc-3bd5-11ec-9dd2-0050568e2ffe</uuid>
			<size>e2e20bad-4c63-11ec-9dd2-0050568e2ffe</size>
			<ean/>
			<quantity>2</quantity>
			<price>10999</price>
			<labelCodes/>
		</item>
		<item>
			<uuid>83d7c2bc-3bd5-11ec-9dd2-0050568e2ffe</uuid>
			<size>e2e20bae-4c63-11ec-9dd2-0050568e2ffe</size>
			<ean/>
			<quantity>1</quantity>
			<price>10999</price>
			<labelCodes/>
		</item>
		<item>
			<uuid>83d7c2c4-3bd5-11ec-9dd2-0050568e2ffe</uuid>
			<size>e2e20b96-4c63-11ec-9dd2-0050568e2ffe</size>
			<ean/>
			<quantity>1</quantity>
			<price>5999</price>
			<labelCodes/>
		</item>
		<item>
			<uuid>83d7c2d8-3bd5-11ec-9dd2-0050568e2ffe</uuid>
			<size>339e3fda-4c67-11ec-9dd2-0050568e2ffe</size>
			<ean/>
			<quantity>2</quantity>
			<price>7999</price>
			<labelCodes/>
		</item>
		<item>
			<uuid>dd15dba2-3bd5-11ec-9dd2-0050568e2ffe</uuid>
			<size>e2e20bbe-4c63-11ec-9dd2-0050568e2ffe</size>
			<ean/>
			<quantity>2</quantity>
			<price>4999</price>
			<labelCodes/>
		</item>
		<item>
			<uuid>dd15dba2-3bd5-11ec-9dd2-0050568e2ffe</uuid>
			<size>e2e20bbf-4c63-11ec-9dd2-0050568e2ffe</size>
			<ean/>
			<quantity>2</quantity>
			<price>4999</price>
			<labelCodes/>
		</item>
		<item>
			<uuid>dd15dba2-3bd5-11ec-9dd2-0050568e2ffe</uuid>
			<size>e2e20bc0-4c63-11ec-9dd2-0050568e2ffe</size>
			<ean/>
			<quantity>1</quantity>
			<price>4999</price>
			<labelCodes/>
		</item>
		<item>
			<uuid>dd15dbaa-3bd5-11ec-9dd2-0050568e2ffe</uuid>
			<size>136810a4-4c64-11ec-9dd2-0050568e2ffe</size>
			<ean/>
			<quantity>1</quantity>
			<price>4999</price>
			<labelCodes/>
		</item>
		<item>
			<uuid>dd15dbaa-3bd5-11ec-9dd2-0050568e2ffe</uuid>
			<size>136810a5-4c64-11ec-9dd2-0050568e2ffe</size>
			<ean/>
			<quantity>1</quantity>
			<price>4999</price>
			<labelCodes/>
		</item>
		<item>
			<uuid>dd15dbae-3bd5-11ec-9dd2-0050568e2ffe</uuid>
			<size>e2e20b9c-4c63-11ec-9dd2-0050568e2ffe</size>
			<ean/>
			<quantity>1</quantity>
			<price>5999</price>
			<labelCodes/>
		</item>
		<item>
			<uuid>dd15dbce-3bd5-11ec-9dd2-0050568e2ffe</uuid>
			<size>ba3a82bf-4907-11ec-9dd2-0050568e2ffe</size>
			<ean/>
			<quantity>1</quantity>
			<price>5999</price>
			<labelCodes/>
		</item>
		<item>
			<uuid>dd15dbce-3bd5-11ec-9dd2-0050568e2ffe</uuid>
			<size>e2e20ba4-4c63-11ec-9dd2-0050568e2ffe</size>
			<ean/>
			<quantity>2</quantity>
			<price>5999</price>
			<labelCodes/>
		</item>
		<item>
			<uuid>dd15dbce-3bd5-11ec-9dd2-0050568e2ffe</uuid>
			<size>e2e20ba5-4c63-11ec-9dd2-0050568e2ffe</size>
			<ean/>
			<quantity>1</quantity>
			<price>5999</price>
			<labelCodes/>
		</item>
		<item>
			<uuid>dd15dbce-3bd5-11ec-9dd2-0050568e2ffe</uuid>
			<size>e2e20ba6-4c63-11ec-9dd2-0050568e2ffe</size>
			<ean/>
			<quantity>2</quantity>
			<price>5999</price>
			<labelCodes/>
		</item>
		<item>
			<uuid>3c2ae389-3bd6-11ec-9dd2-0050568e2ffe</uuid>
			<size>e2e20bc1-4c63-11ec-9dd2-0050568e2ffe</size>
			<ean/>
			<quantity>1</quantity>
			<price>3999</price>
			<labelCodes/>
		</item>
		<item>
			<uuid>3c2ae389-3bd6-11ec-9dd2-0050568e2ffe</uuid>
			<size>13681092-4c64-11ec-9dd2-0050568e2ffe</size>
			<ean/>
			<quantity>2</quantity>
			<price>3999</price>
			<labelCodes/>
		</item>
		<item>
			<uuid>3c2ae389-3bd6-11ec-9dd2-0050568e2ffe</uuid>
			<size>13681093-4c64-11ec-9dd2-0050568e2ffe</size>
			<ean/>
			<quantity>1</quantity>
			<price>3999</price>
			<labelCodes/>
		</item>
		<item>
			<uuid>3c2ae395-3bd6-11ec-9dd2-0050568e2ffe</uuid>
			<size>136810ac-4c64-11ec-9dd2-0050568e2ffe</size>
			<ean/>
			<quantity>1</quantity>
			<price>7999</price>
			<labelCodes/>
		</item>
		<item>
			<uuid>8629ec35-3bd6-11ec-9dd2-0050568e2ffe</uuid>
			<size>136810c0-4c64-11ec-9dd2-0050568e2ffe</size>
			<ean/>
			<quantity>2</quantity>
			<price>5999</price>
			<labelCodes/>
		</item>
		<item>
			<uuid>8629ec35-3bd6-11ec-9dd2-0050568e2ffe</uuid>
			<size>136810c1-4c64-11ec-9dd2-0050568e2ffe</size>
			<ean/>
			<quantity>1</quantity>
			<price>5999</price>
			<labelCodes/>
		</item>
		<item>
			<uuid>8629ec35-3bd6-11ec-9dd2-0050568e2ffe</uuid>
			<size>136810c2-4c64-11ec-9dd2-0050568e2ffe</size>
			<ean/>
			<quantity>1</quantity>
			<price>5999</price>
			<labelCodes/>
		</item>
		<item>
			<uuid>8629ec35-3bd6-11ec-9dd2-0050568e2ffe</uuid>
			<size>136810c3-4c64-11ec-9dd2-0050568e2ffe</size>
			<ean/>
			<quantity>1</quantity>
			<price>5999</price>
			<labelCodes/>
		</item>
		<item>
			<uuid>8629ec39-3bd6-11ec-9dd2-0050568e2ffe</uuid>
			<size>9bdc07f9-4c64-11ec-9dd2-0050568e2ffe</size>
			<ean/>
			<quantity>2</quantity>
			<price>19999</price>
			<labelCodes>
				<labelCode>0104620143905572215012100100160</labelCode>
				<labelCode>0104620143905572215012100100305</labelCode>
			</labelCodes>
		</item>
		<item>
			<uuid>e67e7241-3bd6-11ec-9dd2-0050568e2ffe</uuid>
			<size>5842868f-4c63-11ec-9dd2-0050568e2ffe</size>
			<ean/>
			<quantity>1</quantity>
			<price>5999</price>
			<labelCodes/>
		</item>
		<item>
			<uuid>e67e7245-3bd6-11ec-9dd2-0050568e2ffe</uuid>
			<size>339e3fe4-4c67-11ec-9dd2-0050568e2ffe</size>
			<ean/>
			<quantity>1</quantity>
			<price>4499</price>
			<labelCodes/>
		</item>
		<item>
			<uuid>e67e7245-3bd6-11ec-9dd2-0050568e2ffe</uuid>
			<size>339e3fe5-4c67-11ec-9dd2-0050568e2ffe</size>
			<ean/>
			<quantity>2</quantity>
			<price>4499</price>
			<labelCodes/>
		</item>
		<item>
			<uuid>e67e7245-3bd6-11ec-9dd2-0050568e2ffe</uuid>
			<size>339e3fe7-4c67-11ec-9dd2-0050568e2ffe</size>
			<ean/>
			<quantity>2</quantity>
			<price>4499</price>
			<labelCodes/>
		</item>
		<item>
			<uuid>e67e7279-3bd6-11ec-9dd2-0050568e2ffe</uuid>
			<size>9bdc080c-4c64-11ec-9dd2-0050568e2ffe</size>
			<ean/>
			<quantity>1</quantity>
			<price>12999</price>
			<labelCodes>
				<labelCode>0104620143969499215012208630331</labelCode>
			</labelCodes>
		</item>
		<item>
			<uuid>ce08db1d-4131-11ec-9dd2-0050568e2ffe</uuid>
			<size>1a31fc26-415a-11ec-9dd2-0050568e2ffe</size>
			<ean/>
			<quantity>2</quantity>
			<price>6499</price>
			<labelCodes/>
		</item>
		<item>
			<uuid>ce08db1d-4131-11ec-9dd2-0050568e2ffe</uuid>
			<size>591dd766-5f16-11ec-9dd3-0050568e2ffe</size>
			<ean/>
			<quantity>1</quantity>
			<price>6499</price>
			<labelCodes/>
		</item>
		<item>
			<uuid>caf92f5e-42b3-11ec-9dd2-0050568e2ffe</uuid>
			<size>d861ef75-5f02-11ec-9dd3-0050568e2ffe</size>
			<ean/>
			<quantity>1</quantity>
			<price>5999</price>
			<labelCodes>
				<labelCode>0104620143969437215012208790207</labelCode>
			</labelCodes>
		</item>
		<item>
			<uuid>caf92f7b-42b3-11ec-9dd2-0050568e2ffe</uuid>
			<size>04acb116-4465-11ec-9dd2-0050568e2ffe</size>
			<ean/>
			<quantity>2</quantity>
			<price>14999</price>
			<labelCodes>
				<labelCode>0104620143968010215012207280302</labelCode>
				<labelCode>0104620143968010215012341830001</labelCode>
			</labelCodes>
		</item>
		<item>
			<uuid>caf92f7b-42b3-11ec-9dd2-0050568e2ffe</uuid>
			<size>344547d8-48fc-11ec-9dd2-0050568e2ffe</size>
			<ean/>
			<quantity>2</quantity>
			<price>14999</price>
			<labelCodes>
				<labelCode>0104620143968027215012207280014</labelCode>
				<labelCode>0104620143968027215012207280221</labelCode>
			</labelCodes>
		</item>
		<item>
			<uuid>caf92f7b-42b3-11ec-9dd2-0050568e2ffe</uuid>
			<size>344547da-48fc-11ec-9dd2-0050568e2ffe</size>
			<ean/>
			<quantity>1</quantity>
			<price>14999</price>
			<labelCodes>
				<labelCode>0104620143968041215012207280299</labelCode>
			</labelCodes>
		</item>
		<item>
			<uuid>caf92f7b-42b3-11ec-9dd2-0050568e2ffe</uuid>
			<size>344547db-48fc-11ec-9dd2-0050568e2ffe</size>
			<ean/>
			<quantity>1</quantity>
			<price>14999</price>
			<labelCodes>
				<labelCode>0104620143968058215012224940001</labelCode>
			</labelCodes>
		</item>
		<item>
			<uuid>caf92f7f-42b3-11ec-9dd2-0050568e2ffe</uuid>
			<size>04acb113-4465-11ec-9dd2-0050568e2ffe</size>
			<ean/>
			<quantity>2</quantity>
			<price>15999</price>
			<labelCodes>
				<labelCode>0104620143971805215012210340188</labelCode>
				<labelCode>0104620143971805215012210340349</labelCode>
			</labelCodes>
		</item>
		<item>
			<uuid>caf92f7f-42b3-11ec-9dd2-0050568e2ffe</uuid>
			<size>a62ec335-5f17-11ec-9dd3-0050568e2ffe</size>
			<ean/>
			<quantity>1</quantity>
			<price>15999</price>
			<labelCodes>
				<labelCode>0104620143971812215012210340142</labelCode>
			</labelCodes>
		</item>
		<item>
			<uuid>caf92f7f-42b3-11ec-9dd2-0050568e2ffe</uuid>
			<size>a62ec336-5f17-11ec-9dd3-0050568e2ffe</size>
			<ean/>
			<quantity>1</quantity>
			<price>15999</price>
			<labelCodes>
				<labelCode>0104620143911634215012210340354</labelCode>
			</labelCodes>
		</item>
		<item>
			<uuid>caf92f7f-42b3-11ec-9dd2-0050568e2ffe</uuid>
			<size>a62ec337-5f17-11ec-9dd3-0050568e2ffe</size>
			<ean/>
			<quantity>1</quantity>
			<price>15999</price>
			<labelCodes>
				<labelCode>0104620143971829215012210340010</labelCode>
			</labelCodes>
		</item>
		<item>
			<uuid>eb5138d4-42e4-11ec-9dd2-0050568e2ffe</uuid>
			<size>04acb107-4465-11ec-9dd2-0050568e2ffe</size>
			<ean/>
			<quantity>1</quantity>
			<price>3999</price>
			<labelCodes>
				<labelCode>0104620143915649215012206420305</labelCode>
			</labelCodes>
		</item>
		<item>
			<uuid>eb5138d4-42e4-11ec-9dd2-0050568e2ffe</uuid>
			<size>6c5b6138-5efe-11ec-9dd3-0050568e2ffe</size>
			<ean/>
			<quantity>2</quantity>
			<price>3999</price>
			<labelCodes>
				<labelCode>0104620143915762215012206420031</labelCode>
				<labelCode>0104620143915762215012206420236</labelCode>
			</labelCodes>
		</item>
		<item>
			<uuid>eb5138d4-42e4-11ec-9dd2-0050568e2ffe</uuid>
			<size>6c5b613a-5efe-11ec-9dd3-0050568e2ffe</size>
			<ean/>
			<quantity>1</quantity>
			<price>3999</price>
			<labelCodes>
				<labelCode>0104620143915786215012206420146</labelCode>
			</labelCodes>
		</item>
		<item>
			<uuid>eb5138d4-42e4-11ec-9dd2-0050568e2ffe</uuid>
			<size>6c5b613b-5efe-11ec-9dd3-0050568e2ffe</size>
			<ean/>
			<quantity>1</quantity>
			<price>3999</price>
			<labelCodes>
				<labelCode>0104620143915793215012206420074</labelCode>
			</labelCodes>
		</item>
		<item>
			<uuid>85902993-45cf-11ec-9dd2-0050568e2ffe</uuid>
			<size>9bdc0810-4c64-11ec-9dd2-0050568e2ffe</size>
			<ean/>
			<quantity>1</quantity>
			<price>8999</price>
			<labelCodes/>
		</item>
		<item>
			<uuid>85902993-45cf-11ec-9dd2-0050568e2ffe</uuid>
			<size>9bdc0811-4c64-11ec-9dd2-0050568e2ffe</size>
			<ean/>
			<quantity>2</quantity>
			<price>8999</price>
			<labelCodes/>
		</item>
		<item>
			<uuid>85902993-45cf-11ec-9dd2-0050568e2ffe</uuid>
			<size>9bdc0812-4c64-11ec-9dd2-0050568e2ffe</size>
			<ean/>
			<quantity>2</quantity>
			<price>8999</price>
			<labelCodes/>
		</item>
		<item>
			<uuid>85902993-45cf-11ec-9dd2-0050568e2ffe</uuid>
			<size>9bdc0813-4c64-11ec-9dd2-0050568e2ffe</size>
			<ean/>
			<quantity>2</quantity>
			<price>8999</price>
			<labelCodes/>
		</item>
		<item>
			<uuid>975b6120-50f4-11ec-9dd2-0050568e2ffe</uuid>
			<size>151090eb-5382-11ec-9dd3-0050568e2ffe</size>
			<ean/>
			<quantity>1</quantity>
			<price>6999</price>
			<labelCodes/>
		</item>
		<item>
			<uuid>975b6120-50f4-11ec-9dd2-0050568e2ffe</uuid>
			<size>e745fc15-5f16-11ec-9dd3-0050568e2ffe</size>
			<ean/>
			<quantity>1</quantity>
			<price>6999</price>
			<labelCodes/>
		</item>
		<item>
			<uuid>456fc14d-50fe-11ec-9dd2-0050568e2ffe</uuid>
			<size>e745fc2f-5f16-11ec-9dd3-0050568e2ffe</size>
			<ean/>
			<quantity>1</quantity>
			<price>6999</price>
			<labelCodes/>
		</item>
		<item>
			<uuid>456fc14d-50fe-11ec-9dd2-0050568e2ffe</uuid>
			<size>e745fc30-5f16-11ec-9dd3-0050568e2ffe</size>
			<ean/>
			<quantity>1</quantity>
			<price>6999</price>
			<labelCodes/>
		</item>
		<item>
			<uuid>456fc155-50fe-11ec-9dd2-0050568e2ffe</uuid>
			<size>75868fbe-5efb-11ec-9dd3-0050568e2ffe</size>
			<ean/>
			<quantity>1</quantity>
			<price>5999</price>
			<labelCodes/>
		</item>
		<item>
			<uuid>456fc155-50fe-11ec-9dd2-0050568e2ffe</uuid>
			<size>75868fbf-5efb-11ec-9dd3-0050568e2ffe</size>
			<ean/>
			<quantity>1</quantity>
			<price>5999</price>
			<labelCodes/>
		</item>
		<item>
			<uuid>324f29e1-50ff-11ec-9dd2-0050568e2ffe</uuid>
			<size>ec8cdd93-5eff-11ec-9dd3-0050568e2ffe</size>
			<ean/>
			<quantity>1</quantity>
			<price>4999</price>
			<labelCodes/>
		</item>
		<item>
			<uuid>324f29e1-50ff-11ec-9dd2-0050568e2ffe</uuid>
			<size>ec8cdd94-5eff-11ec-9dd3-0050568e2ffe</size>
			<ean/>
			<quantity>1</quantity>
			<price>4999</price>
			<labelCodes/>
		</item>
		<item>
			<uuid>324f29e1-50ff-11ec-9dd2-0050568e2ffe</uuid>
			<size>ec8cdd96-5eff-11ec-9dd3-0050568e2ffe</size>
			<ean/>
			<quantity>2</quantity>
			<price>4999</price>
			<labelCodes/>
		</item>
		<item>
			<uuid>324f29e1-50ff-11ec-9dd2-0050568e2ffe</uuid>
			<size>ec8cdd97-5eff-11ec-9dd3-0050568e2ffe</size>
			<ean/>
			<quantity>3</quantity>
			<price>4999</price>
			<labelCodes/>
		</item>
		<item>
			<uuid>61e2f80f-5102-11ec-9dd2-0050568e2ffe</uuid>
			<size>a62ec32d-5f17-11ec-9dd3-0050568e2ffe</size>
			<ean/>
			<quantity>1</quantity>
			<price>5999</price>
			<labelCodes/>
		</item>
		<item>
			<uuid>61e2f80f-5102-11ec-9dd2-0050568e2ffe</uuid>
			<size>a62ec32e-5f17-11ec-9dd3-0050568e2ffe</size>
			<ean/>
			<quantity>1</quantity>
			<price>5999</price>
			<labelCodes/>
		</item>
		<item>
			<uuid>61e2f80f-5102-11ec-9dd2-0050568e2ffe</uuid>
			<size>a62ec32f-5f17-11ec-9dd3-0050568e2ffe</size>
			<ean/>
			<quantity>1</quantity>
			<price>5999</price>
			<labelCodes/>
		</item>
		<item>
			<uuid>f2deecba-5102-11ec-9dd2-0050568e2ffe</uuid>
			<size>151090ed-5382-11ec-9dd3-0050568e2ffe</size>
			<ean/>
			<quantity>1</quantity>
			<price>7999</price>
			<labelCodes/>
		</item>
		<item>
			<uuid>f2deecda-5102-11ec-9dd2-0050568e2ffe</uuid>
			<size>591dd747-5f16-11ec-9dd3-0050568e2ffe</size>
			<ean/>
			<quantity>1</quantity>
			<price>3999</price>
			<labelCodes>
				<labelCode>0104620143914161215012206160276</labelCode>
			</labelCodes>
		</item>
		<item>
			<uuid>f2deecda-5102-11ec-9dd2-0050568e2ffe</uuid>
			<size>591dd748-5f16-11ec-9dd3-0050568e2ffe</size>
			<ean/>
			<quantity>2</quantity>
			<price>3999</price>
			<labelCodes>
				<labelCode>0104620143914178215012206160295</labelCode>
				<labelCode>0104620143914178215012206160316</labelCode>
			</labelCodes>
		</item>
		<item>
			<uuid>f2deecda-5102-11ec-9dd2-0050568e2ffe</uuid>
			<size>591dd749-5f16-11ec-9dd3-0050568e2ffe</size>
			<ean/>
			<quantity>1</quantity>
			<price>3999</price>
			<labelCodes>
				<labelCode>0104620143914185215012206160684</labelCode>
			</labelCodes>
		</item>
		<item>
			<uuid>f2deecde-5102-11ec-9dd2-0050568e2ffe</uuid>
			<size>591dd74c-5f16-11ec-9dd3-0050568e2ffe</size>
			<ean/>
			<quantity>2</quantity>
			<price>3999</price>
			<labelCodes>
				<labelCode>0104620143914116215012206200165</labelCode>
				<labelCode>0104620143914116215012206200172</labelCode>
			</labelCodes>
		</item>
		<item>
			<uuid>f2deecde-5102-11ec-9dd2-0050568e2ffe</uuid>
			<size>591dd74d-5f16-11ec-9dd3-0050568e2ffe</size>
			<ean/>
			<quantity>1</quantity>
			<price>3999</price>
			<labelCodes>
				<labelCode>0104620143914123215012206200298</labelCode>
			</labelCodes>
		</item>
		<item>
			<uuid>f2deecde-5102-11ec-9dd2-0050568e2ffe</uuid>
			<size>591dd74e-5f16-11ec-9dd3-0050568e2ffe</size>
			<ean/>
			<quantity>2</quantity>
			<price>3999</price>
			<labelCodes>
				<labelCode>0104620143914130215012206200003</labelCode>
				<labelCode>0104620143914130215012206200026</labelCode>
			</labelCodes>
		</item>
		<item>
			<uuid>26b88b76-5105-11ec-9dd2-0050568e2ffe</uuid>
			<size>591dd752-5f16-11ec-9dd3-0050568e2ffe</size>
			<ean/>
			<quantity>1</quantity>
			<price>2999</price>
			<labelCodes>
				<labelCode>0104620143969345215012208720141</labelCode>
			</labelCodes>
		</item>
		<item>
			<uuid>26b88b76-5105-11ec-9dd2-0050568e2ffe</uuid>
			<size>591dd753-5f16-11ec-9dd3-0050568e2ffe</size>
			<ean/>
			<quantity>1</quantity>
			<price>2999</price>
			<labelCodes>
				<labelCode>0104620143969352215012208720082</labelCode>
			</labelCodes>
		</item>
		<item>
			<uuid>c66dd8e5-5338-11ec-9dd3-0050568e2ffe</uuid>
			<size>8ca68b21-5444-11ec-9dd3-0050568e2ffe</size>
			<ean/>
			<quantity>2</quantity>
			<price>12999</price>
			<labelCodes>
				<labelCode>0104620143977555215012212110127</labelCode>
				<labelCode>0104620143977555215012212250153</labelCode>
			</labelCodes>
		</item>
		<item>
			<uuid>c66dd8e5-5338-11ec-9dd3-0050568e2ffe</uuid>
			<size>16014d3e-7aad-11ec-9dd3-0050568e2ffe</size>
			<ean/>
			<quantity>1</quantity>
			<price>12999</price>
			<labelCodes>
				<labelCode>0104620143912983215012212250011</labelCode>
			</labelCodes>
		</item>
		<item>
			<uuid>c66dd8e5-5338-11ec-9dd3-0050568e2ffe</uuid>
			<size>16014d3f-7aad-11ec-9dd3-0050568e2ffe</size>
			<ean/>
			<quantity>1</quantity>
			<price>12999</price>
			<labelCodes>
				<labelCode>0104620143977579215012212110051</labelCode>
			</labelCodes>
		</item>
		<item>
			<uuid>c66dd8e5-5338-11ec-9dd3-0050568e2ffe</uuid>
			<size>16014d40-7aad-11ec-9dd3-0050568e2ffe</size>
			<ean/>
			<quantity>1</quantity>
			<price>12999</price>
			<labelCodes>
				<labelCode>0104620143977586215012212250024</labelCode>
			</labelCodes>
		</item>
		<item>
			<uuid>dd13c5c0-5403-11ec-9dd3-0050568e2ffe</uuid>
			<size>16014d41-7aad-11ec-9dd3-0050568e2ffe</size>
			<ean/>
			<quantity>1</quantity>
			<price>12999</price>
			<labelCodes>
				<labelCode>0104620143971911215012211070026</labelCode>
			</labelCodes>
		</item>
		<item>
			<uuid>dd13c5c0-5403-11ec-9dd3-0050568e2ffe</uuid>
			<size>16014d42-7aad-11ec-9dd3-0050568e2ffe</size>
			<ean/>
			<quantity>2</quantity>
			<price>12999</price>
			<labelCodes>
				<labelCode>0104620143912976215012211070082</labelCode>
				<labelCode>0104620143912976215012224940001</labelCode>
			</labelCodes>
		</item>
		<item>
			<uuid>dd13c5c0-5403-11ec-9dd3-0050568e2ffe</uuid>
			<size>16014d43-7aad-11ec-9dd3-0050568e2ffe</size>
			<ean/>
			<quantity>2</quantity>
			<price>12999</price>
			<labelCodes>
				<labelCode>0104620143971928215012211070007</labelCode>
				<labelCode>0104620143971928215012211070035</labelCode>
			</labelCodes>
		</item>
		<item>
			<uuid>5b9c3096-5422-11ec-9dd3-0050568e2ffe</uuid>
			<size>34785d69-5715-11ec-9dd3-0050568e2ffe</size>
			<ean/>
			<quantity>1</quantity>
			<price>15999</price>
			<labelCodes>
				<labelCode>0104620143978729215012212780194</labelCode>
			</labelCodes>
		</item>
		<item>
			<uuid>5b9c3096-5422-11ec-9dd3-0050568e2ffe</uuid>
			<size>8a672949-78ff-11ec-9dd3-0050568e2ffe</size>
			<ean/>
			<quantity>2</quantity>
			<price>15999</price>
			<labelCodes>
				<labelCode>0104620143978750215012212780072</labelCode>
				<labelCode>0104620143978750215012212780120</labelCode>
			</labelCodes>
		</item>
		<item>
			<uuid>5b9c3096-5422-11ec-9dd3-0050568e2ffe</uuid>
			<size>8a67294a-78ff-11ec-9dd3-0050568e2ffe</size>
			<ean/>
			<quantity>2</quantity>
			<price>15999</price>
			<labelCodes>
				<labelCode>0104620143978767215012212780065</labelCode>
				<labelCode>0104620143978767215012212780067</labelCode>
			</labelCodes>
		</item>
		<item>
			<uuid>5b9c3096-5422-11ec-9dd3-0050568e2ffe</uuid>
			<size>8a67294b-78ff-11ec-9dd3-0050568e2ffe</size>
			<ean/>
			<quantity>1</quantity>
			<price>15999</price>
			<labelCodes>
				<labelCode>0104620143978774215012212780023</labelCode>
			</labelCodes>
		</item>
		<item>
			<uuid>fce67517-5731-11ec-9dd3-0050568e2ffe</uuid>
			<size>06d0463c-58b5-11ec-9dd3-0050568e2ffe</size>
			<ean/>
			<quantity>1</quantity>
			<price>4999</price>
			<labelCodes/>
		</item>
		<item>
			<uuid>fce67517-5731-11ec-9dd3-0050568e2ffe</uuid>
			<size>b3ee7491-7aab-11ec-9dd3-0050568e2ffe</size>
			<ean/>
			<quantity>1</quantity>
			<price>4999</price>
			<labelCodes/>
		</item>
		<item>
			<uuid>fce67517-5731-11ec-9dd3-0050568e2ffe</uuid>
			<size>b3ee7492-7aab-11ec-9dd3-0050568e2ffe</size>
			<ean/>
			<quantity>1</quantity>
			<price>4999</price>
			<labelCodes/>
		</item>
		<item>
			<uuid>fce67517-5731-11ec-9dd3-0050568e2ffe</uuid>
			<size>b3ee7493-7aab-11ec-9dd3-0050568e2ffe</size>
			<ean/>
			<quantity>1</quantity>
			<price>4999</price>
			<labelCodes/>
		</item>
		<item>
			<uuid>fce6751d-5731-11ec-9dd3-0050568e2ffe</uuid>
			<size>06d0463e-58b5-11ec-9dd3-0050568e2ffe</size>
			<ean/>
			<quantity>2</quantity>
			<price>6999</price>
			<labelCodes/>
		</item>
		<item>
			<uuid>fce6751d-5731-11ec-9dd3-0050568e2ffe</uuid>
			<size>b3ee7494-7aab-11ec-9dd3-0050568e2ffe</size>
			<ean/>
			<quantity>2</quantity>
			<price>6999</price>
			<labelCodes/>
		</item>
		<item>
			<uuid>fce6751d-5731-11ec-9dd3-0050568e2ffe</uuid>
			<size>b3ee7495-7aab-11ec-9dd3-0050568e2ffe</size>
			<ean/>
			<quantity>1</quantity>
			<price>6999</price>
			<labelCodes/>
		</item>
		<item>
			<uuid>fce67521-5731-11ec-9dd3-0050568e2ffe</uuid>
			<size>06d0463f-58b5-11ec-9dd3-0050568e2ffe</size>
			<ean/>
			<quantity>1</quantity>
			<price>5999</price>
			<labelCodes/>
		</item>
		<item>
			<uuid>fce67521-5731-11ec-9dd3-0050568e2ffe</uuid>
			<size>b3ee74ad-7aab-11ec-9dd3-0050568e2ffe</size>
			<ean/>
			<quantity>1</quantity>
			<price>5999</price>
			<labelCodes/>
		</item>
		<item>
			<uuid>0f62851e-5d8e-11ec-9dd3-0050568e2ffe</uuid>
			<size>34949b96-5e61-11ec-9dd3-0050568e2ffe</size>
			<ean/>
			<quantity>1</quantity>
			<price>14999</price>
			<labelCodes>
				<labelCode>0104620143994408215012213580093</labelCode>
			</labelCodes>
		</item>
		<item>
			<uuid>0f62851e-5d8e-11ec-9dd3-0050568e2ffe</uuid>
			<size>63b82101-7aae-11ec-9dd3-0050568e2ffe</size>
			<ean/>
			<quantity>1</quantity>
			<price>14999</price>
			<labelCodes>
				<labelCode>0104620143995658215012213570108</labelCode>
			</labelCodes>
		</item>
		<item>
			<uuid>0f62851e-5d8e-11ec-9dd3-0050568e2ffe</uuid>
			<size>63b82102-7aae-11ec-9dd3-0050568e2ffe</size>
			<ean/>
			<quantity>1</quantity>
			<price>14999</price>
			<labelCodes>
				<labelCode>0104620143970945215012213580036</labelCode>
			</labelCodes>
		</item>
		<item>
			<uuid>0f62851e-5d8e-11ec-9dd3-0050568e2ffe</uuid>
			<size>63b82103-7aae-11ec-9dd3-0050568e2ffe</size>
			<ean/>
			<quantity>1</quantity>
			<price>14999</price>
			<labelCodes>
				<labelCode>0104620143995665215012213580025</labelCode>
			</labelCodes>
		</item>
		<item>
			<uuid>0f62851e-5d8e-11ec-9dd3-0050568e2ffe</uuid>
			<size>63b82104-7aae-11ec-9dd3-0050568e2ffe</size>
			<ean/>
			<quantity>1</quantity>
			<price>14999</price>
			<labelCodes>
				<labelCode>0104620143995672215012213580019</labelCode>
			</labelCodes>
		</item>
		<item>
			<uuid>797a7ced-5daf-11ec-9dd3-0050568e2ffe</uuid>
			<size>b3ee749b-7aab-11ec-9dd3-0050568e2ffe</size>
			<ean/>
			<quantity>1</quantity>
			<price>3999</price>
			<labelCodes/>
		</item>
		<item>
			<uuid>797a7cf5-5daf-11ec-9dd3-0050568e2ffe</uuid>
			<size>858fa35e-7aac-11ec-9dd3-0050568e2ffe</size>
			<ean/>
			<quantity>1</quantity>
			<price>3499</price>
			<labelCodes>
				<labelCode>0104620143971676215012210670158</labelCode>
			</labelCodes>
		</item>
		<item>
			<uuid>7e967de2-5e2d-11ec-9dd3-0050568e2ffe</uuid>
			<size>34949b92-5e61-11ec-9dd3-0050568e2ffe</size>
			<ean/>
			<quantity>1</quantity>
			<price>4999</price>
			<labelCodes/>
		</item>
		<item>
			<uuid>7e967de2-5e2d-11ec-9dd3-0050568e2ffe</uuid>
			<size>b3ee74b7-7aab-11ec-9dd3-0050568e2ffe</size>
			<ean/>
			<quantity>2</quantity>
			<price>4999</price>
			<labelCodes/>
		</item>
		<item>
			<uuid>7e967de2-5e2d-11ec-9dd3-0050568e2ffe</uuid>
			<size>b3ee74b8-7aab-11ec-9dd3-0050568e2ffe</size>
			<ean/>
			<quantity>1</quantity>
			<price>4999</price>
			<labelCodes/>
		</item>
		<item>
			<uuid>7e967de2-5e2d-11ec-9dd3-0050568e2ffe</uuid>
			<size>b3ee74b9-7aab-11ec-9dd3-0050568e2ffe</size>
			<ean/>
			<quantity>1</quantity>
			<price>4999</price>
			<labelCodes/>
		</item>
		<item>
			<uuid>23aadcfa-631d-11ec-9dd3-0050568e2ffe</uuid>
			<size>c073e11b-63ab-11ec-9dd3-0050568e2ffe</size>
			<ean/>
			<quantity>1</quantity>
			<price>4999</price>
			<labelCodes/>
		</item>
		<item>
			<uuid>23aadcfa-631d-11ec-9dd3-0050568e2ffe</uuid>
			<size>b3ee749d-7aab-11ec-9dd3-0050568e2ffe</size>
			<ean/>
			<quantity>1</quantity>
			<price>4999</price>
			<labelCodes/>
		</item>
		<item>
			<uuid>379da612-64b6-11ec-9dd3-0050568e2ffe</uuid>
			<size>858fa362-7aac-11ec-9dd3-0050568e2ffe</size>
			<ean/>
			<quantity>1</quantity>
			<price>5499</price>
			<labelCodes>
				<labelCode>0104620143915625215012206910321</labelCode>
			</labelCodes>
		</item>
		<item>
			<uuid>379da612-64b6-11ec-9dd3-0050568e2ffe</uuid>
			<size>858fa363-7aac-11ec-9dd3-0050568e2ffe</size>
			<ean/>
			<quantity>1</quantity>
			<price>5499</price>
			<labelCodes>
				<labelCode>0104620143915632215012206910231</labelCode>
			</labelCodes>
		</item>
		<item>
			<uuid>6396cc28-64c0-11ec-9dd3-0050568e2ffe</uuid>
			<size>eb477c3e-706d-11ec-9dd3-0050568e2ffe</size>
			<ean/>
			<quantity>2</quantity>
			<price>4499</price>
			<labelCodes>
				<labelCode>0104620143967570215012206830188</labelCode>
				<labelCode>0104620143967570215012209540019</labelCode>
			</labelCodes>
		</item>
		<item>
			<uuid>6396cc28-64c0-11ec-9dd3-0050568e2ffe</uuid>
			<size>858fa36d-7aac-11ec-9dd3-0050568e2ffe</size>
			<ean/>
			<quantity>2</quantity>
			<price>4499</price>
			<labelCodes>
				<labelCode>0104620143967594215012206830086</labelCode>
				<labelCode>0104620143967594215012206830152</labelCode>
			</labelCodes>
		</item>
		<item>
			<uuid>6396cc28-64c0-11ec-9dd3-0050568e2ffe</uuid>
			<size>858fa36e-7aac-11ec-9dd3-0050568e2ffe</size>
			<ean/>
			<quantity>2</quantity>
			<price>4499</price>
			<labelCodes>
				<labelCode>0104620143967600215012206830065</labelCode>
				<labelCode>0104620143967600215012206830112</labelCode>
			</labelCodes>
		</item>
		<item>
			<uuid>d834416c-64c0-11ec-9dd3-0050568e2ffe</uuid>
			<size>858fa341-7aac-11ec-9dd3-0050568e2ffe</size>
			<ean/>
			<quantity>2</quantity>
			<price>6999</price>
			<labelCodes/>
		</item>
		<item>
			<uuid>d834416c-64c0-11ec-9dd3-0050568e2ffe</uuid>
			<size>858fa342-7aac-11ec-9dd3-0050568e2ffe</size>
			<ean/>
			<quantity>2</quantity>
			<price>6999</price>
			<labelCodes/>
		</item>
		<item>
			<uuid>d834418c-64c0-11ec-9dd3-0050568e2ffe</uuid>
			<size>c7589dcf-7051-11ec-9dd3-0050568e2ffe</size>
			<ean/>
			<quantity>1</quantity>
			<price>19999</price>
			<labelCodes>
				<labelCode>0104620143972826215012210930103</labelCode>
			</labelCodes>
		</item>
		<item>
			<uuid>d834418c-64c0-11ec-9dd3-0050568e2ffe</uuid>
			<size>63b82107-7aae-11ec-9dd3-0050568e2ffe</size>
			<ean/>
			<quantity>1</quantity>
			<price>19999</price>
			<labelCodes>
				<labelCode>0104620143972857215012211080098</labelCode>
			</labelCodes>
		</item>
		<item>
			<uuid>d834418c-64c0-11ec-9dd3-0050568e2ffe</uuid>
			<size>63b82108-7aae-11ec-9dd3-0050568e2ffe</size>
			<ean/>
			<quantity>1</quantity>
			<price>19999</price>
			<labelCodes>
				<labelCode>0104620143972864215012210930012</labelCode>
			</labelCodes>
		</item>
		<item>
			<uuid>a5393d58-6865-11ec-9dd3-0050568e2ffe</uuid>
			<size>6ae85ad5-693f-11ec-9dd3-0050568e2ffe</size>
			<ean/>
			<quantity>2</quantity>
			<price>6499</price>
			<labelCodes/>
		</item>
		<item>
			<uuid>a5393d58-6865-11ec-9dd3-0050568e2ffe</uuid>
			<size>a4dc2915-7903-11ec-9dd3-0050568e2ffe</size>
			<ean/>
			<quantity>1</quantity>
			<price>6499</price>
			<labelCodes/>
		</item>
		<item>
			<uuid>a5393d58-6865-11ec-9dd3-0050568e2ffe</uuid>
			<size>a4dc2917-7903-11ec-9dd3-0050568e2ffe</size>
			<ean/>
			<quantity>1</quantity>
			<price>6499</price>
			<labelCodes/>
		</item>
		<item>
			<uuid>a5393d58-6865-11ec-9dd3-0050568e2ffe</uuid>
			<size>a4dc2918-7903-11ec-9dd3-0050568e2ffe</size>
			<ean/>
			<quantity>1</quantity>
			<price>6499</price>
			<labelCodes/>
		</item>
		<item>
			<uuid>2e2b8f95-6866-11ec-9dd3-0050568e2ffe</uuid>
			<size>f9b429ae-78f7-11ec-9dd3-0050568e2ffe</size>
			<ean/>
			<quantity>2</quantity>
			<price>5999</price>
			<labelCodes/>
		</item>
		<item>
			<uuid>2e2b8f95-6866-11ec-9dd3-0050568e2ffe</uuid>
			<size>8a672922-78ff-11ec-9dd3-0050568e2ffe</size>
			<ean/>
			<quantity>1</quantity>
			<price>5999</price>
			<labelCodes/>
		</item>
		<item>
			<uuid>2e2b8f99-6866-11ec-9dd3-0050568e2ffe</uuid>
			<size>7f327ea9-6934-11ec-9dd3-0050568e2ffe</size>
			<ean/>
			<quantity>2</quantity>
			<price>5999</price>
			<labelCodes/>
		</item>
		<item>
			<uuid>2e2b8fad-6866-11ec-9dd3-0050568e2ffe</uuid>
			<size>a4dc290a-7903-11ec-9dd3-0050568e2ffe</size>
			<ean/>
			<quantity>1</quantity>
			<price>5499</price>
			<labelCodes/>
		</item>
		<item>
			<uuid>2e2b8fb1-6866-11ec-9dd3-0050568e2ffe</uuid>
			<size>834ae42d-695f-11ec-9dd3-0050568e2ffe</size>
			<ean/>
			<quantity>2</quantity>
			<price>5999</price>
			<labelCodes/>
		</item>
		<item>
			<uuid>2e2b8fb1-6866-11ec-9dd3-0050568e2ffe</uuid>
			<size>8a67292d-78ff-11ec-9dd3-0050568e2ffe</size>
			<ean/>
			<quantity>2</quantity>
			<price>5999</price>
			<labelCodes/>
		</item>
		<item>
			<uuid>c089d325-7e91-11ec-9dd4-0050568e2ffe</uuid>
			<size>2c476222-84e2-11ec-9dd6-0050568e2ffe</size>
			<ean/>
			<quantity>2</quantity>
			<price>5999</price>
			<labelCodes/>
		</item>
		<item>
			<uuid>c089d325-7e91-11ec-9dd4-0050568e2ffe</uuid>
			<size>55185226-a918-11ec-9dd8-0050568e2ffe</size>
			<ean/>
			<quantity>1</quantity>
			<price>5999</price>
			<labelCodes/>
		</item>
		<item>
			<uuid>c089d325-7e91-11ec-9dd4-0050568e2ffe</uuid>
			<size>55185228-a918-11ec-9dd8-0050568e2ffe</size>
			<ean/>
			<quantity>1</quantity>
			<price>5999</price>
			<labelCodes/>
		</item>
		<item>
			<uuid>c089d325-7e91-11ec-9dd4-0050568e2ffe</uuid>
			<size>55185229-a918-11ec-9dd8-0050568e2ffe</size>
			<ean/>
			<quantity>2</quantity>
			<price>5999</price>
			<labelCodes/>
		</item>
		<item>
			<uuid>c089d329-7e91-11ec-9dd4-0050568e2ffe</uuid>
			<size>2c476223-84e2-11ec-9dd6-0050568e2ffe</size>
			<ean/>
			<quantity>2</quantity>
			<price>4499</price>
			<labelCodes/>
		</item>
		<item>
			<uuid>c089d329-7e91-11ec-9dd4-0050568e2ffe</uuid>
			<size>5518522a-a918-11ec-9dd8-0050568e2ffe</size>
			<ean/>
			<quantity>2</quantity>
			<price>4499</price>
			<labelCodes/>
		</item>
		<item>
			<uuid>c089d329-7e91-11ec-9dd4-0050568e2ffe</uuid>
			<size>5518522b-a918-11ec-9dd8-0050568e2ffe</size>
			<ean/>
			<quantity>2</quantity>
			<price>4499</price>
			<labelCodes/>
		</item>
		<item>
			<uuid>c089d329-7e91-11ec-9dd4-0050568e2ffe</uuid>
			<size>5518522c-a918-11ec-9dd8-0050568e2ffe</size>
			<ean/>
			<quantity>2</quantity>
			<price>4499</price>
			<labelCodes/>
		</item>
		<item>
			<uuid>c089d329-7e91-11ec-9dd4-0050568e2ffe</uuid>
			<size>5518522d-a918-11ec-9dd8-0050568e2ffe</size>
			<ean/>
			<quantity>2</quantity>
			<price>4499</price>
			<labelCodes/>
		</item>
		<item>
			<uuid>d319d7f4-84bf-11ec-9dd6-0050568e2ffe</uuid>
			<size>5af80493-85ae-11ec-9dd6-0050568e2ffe</size>
			<ean/>
			<quantity>2</quantity>
			<price>5999</price>
			<labelCodes/>
		</item>
		<item>
			<uuid>d319d7f4-84bf-11ec-9dd6-0050568e2ffe</uuid>
			<size>5518523b-a918-11ec-9dd8-0050568e2ffe</size>
			<ean/>
			<quantity>2</quantity>
			<price>5999</price>
			<labelCodes/>
		</item>
		<item>
			<uuid>d319d7f4-84bf-11ec-9dd6-0050568e2ffe</uuid>
			<size>5518523c-a918-11ec-9dd8-0050568e2ffe</size>
			<ean/>
			<quantity>2</quantity>
			<price>5999</price>
			<labelCodes/>
		</item>
		<item>
			<uuid>d319d7f4-84bf-11ec-9dd6-0050568e2ffe</uuid>
			<size>5518523e-a918-11ec-9dd8-0050568e2ffe</size>
			<ean/>
			<quantity>1</quantity>
			<price>5999</price>
			<labelCodes/>
		</item>
		<item>
			<uuid>d319d7f8-84bf-11ec-9dd6-0050568e2ffe</uuid>
			<size>55185240-a918-11ec-9dd8-0050568e2ffe</size>
			<ean/>
			<quantity>1</quantity>
			<price>3999</price>
			<labelCodes/>
		</item>
		<item>
			<uuid>d319d7f8-84bf-11ec-9dd6-0050568e2ffe</uuid>
			<size>55185241-a918-11ec-9dd8-0050568e2ffe</size>
			<ean/>
			<quantity>1</quantity>
			<price>3999</price>
			<labelCodes/>
		</item>
		<item>
			<uuid>d319d7fc-84bf-11ec-9dd6-0050568e2ffe</uuid>
			<size>55185243-a918-11ec-9dd8-0050568e2ffe</size>
			<ean/>
			<quantity>1</quantity>
			<price>2999</price>
			<labelCodes/>
		</item>
		<item>
			<uuid>d319d7fc-84bf-11ec-9dd6-0050568e2ffe</uuid>
			<size>55185245-a918-11ec-9dd8-0050568e2ffe</size>
			<ean/>
			<quantity>1</quantity>
			<price>2999</price>
			<labelCodes/>
		</item>
		<item>
			<uuid>8b4f2ed0-84ca-11ec-9dd6-0050568e2ffe</uuid>
			<size>5cc4e158-a918-11ec-9dd8-0050568e2ffe</size>
			<ean/>
			<quantity>1</quantity>
			<price>5499</price>
			<labelCodes>
				<labelCode>0104620143997072215012214380229</labelCode>
			</labelCodes>
		</item>
		<item>
			<uuid>8b4f2ed0-84ca-11ec-9dd6-0050568e2ffe</uuid>
			<size>5cc4e15a-a918-11ec-9dd8-0050568e2ffe</size>
			<ean/>
			<quantity>1</quantity>
			<price>5499</price>
			<labelCodes>
				<labelCode>0104620143997096215012214380071</labelCode>
			</labelCodes>
		</item>
		<item>
			<uuid>970e377d-8a57-11ec-9dd7-0050568e2ffe</uuid>
			<size>faac78ba-8bbd-11ec-9dd7-0050568e2ffe</size>
			<ean/>
			<quantity>2</quantity>
			<price>4999</price>
			<labelCodes/>
		</item>
		<item>
			<uuid>970e377d-8a57-11ec-9dd7-0050568e2ffe</uuid>
			<size>5cc4e15b-a918-11ec-9dd8-0050568e2ffe</size>
			<ean/>
			<quantity>2</quantity>
			<price>4999</price>
			<labelCodes/>
		</item>
		<item>
			<uuid>970e377d-8a57-11ec-9dd7-0050568e2ffe</uuid>
			<size>5cc4e15c-a918-11ec-9dd8-0050568e2ffe</size>
			<ean/>
			<quantity>2</quantity>
			<price>4999</price>
			<labelCodes/>
		</item>
		<item>
			<uuid>970e377d-8a57-11ec-9dd7-0050568e2ffe</uuid>
			<size>5cc4e15d-a918-11ec-9dd8-0050568e2ffe</size>
			<ean/>
			<quantity>2</quantity>
			<price>4999</price>
			<labelCodes/>
		</item>
		<item>
			<uuid>970e3781-8a57-11ec-9dd7-0050568e2ffe</uuid>
			<size>faac78b9-8bbd-11ec-9dd7-0050568e2ffe</size>
			<ean/>
			<quantity>1</quantity>
			<price>5999</price>
			<labelCodes>
				<labelCode>0104620143993449215012214640394</labelCode>
			</labelCodes>
		</item>
		<item>
			<uuid>970e3785-8a57-11ec-9dd7-0050568e2ffe</uuid>
			<size>5cc4e163-a918-11ec-9dd8-0050568e2ffe</size>
			<ean/>
			<quantity>1</quantity>
			<price>5999</price>
			<labelCodes/>
		</item>
		<item>
			<uuid>970e3785-8a57-11ec-9dd7-0050568e2ffe</uuid>
			<size>5cc4e164-a918-11ec-9dd8-0050568e2ffe</size>
			<ean/>
			<quantity>2</quantity>
			<price>5999</price>
			<labelCodes/>
		</item>
		<item>
			<uuid>970e3785-8a57-11ec-9dd7-0050568e2ffe</uuid>
			<size>5cc4e165-a918-11ec-9dd8-0050568e2ffe</size>
			<ean/>
			<quantity>1</quantity>
			<price>5999</price>
			<labelCodes/>
		</item>
		<item>
			<uuid>970e3785-8a57-11ec-9dd7-0050568e2ffe</uuid>
			<size>5cc4e166-a918-11ec-9dd8-0050568e2ffe</size>
			<ean/>
			<quantity>2</quantity>
			<price>5999</price>
			<labelCodes/>
		</item>
		<item>
			<uuid>970e3785-8a57-11ec-9dd7-0050568e2ffe</uuid>
			<size>5cc4e167-a918-11ec-9dd8-0050568e2ffe</size>
			<ean/>
			<quantity>1</quantity>
			<price>5999</price>
			<labelCodes/>
		</item>
		<item>
			<uuid>970e3789-8a57-11ec-9dd7-0050568e2ffe</uuid>
			<size>faac78b7-8bbd-11ec-9dd7-0050568e2ffe</size>
			<ean/>
			<quantity>1</quantity>
			<price>3999</price>
			<labelCodes>
				<labelCode>0104620143979207215012213230526</labelCode>
			</labelCodes>
		</item>
		<item>
			<uuid>970e3789-8a57-11ec-9dd7-0050568e2ffe</uuid>
			<size>5cc4e169-a918-11ec-9dd8-0050568e2ffe</size>
			<ean/>
			<quantity>1</quantity>
			<price>3999</price>
			<labelCodes>
				<labelCode>0104620143979221215012213230322</labelCode>
			</labelCodes>
		</item>
		<item>
			<uuid>970e3795-8a57-11ec-9dd7-0050568e2ffe</uuid>
			<size>faac78b4-8bbd-11ec-9dd7-0050568e2ffe</size>
			<ean/>
			<quantity>2</quantity>
			<price>7999</price>
			<labelCodes/>
		</item>
		<item>
			<uuid>970e3795-8a57-11ec-9dd7-0050568e2ffe</uuid>
			<size>5cc4e16c-a918-11ec-9dd8-0050568e2ffe</size>
			<ean/>
			<quantity>2</quantity>
			<price>7999</price>
			<labelCodes/>
		</item>
		<item>
			<uuid>970e3795-8a57-11ec-9dd7-0050568e2ffe</uuid>
			<size>5cc4e16d-a918-11ec-9dd8-0050568e2ffe</size>
			<ean/>
			<quantity>2</quantity>
			<price>7999</price>
			<labelCodes/>
		</item>
		<item>
			<uuid>970e3795-8a57-11ec-9dd7-0050568e2ffe</uuid>
			<size>5cc4e16e-a918-11ec-9dd8-0050568e2ffe</size>
			<ean/>
			<quantity>2</quantity>
			<price>7999</price>
			<labelCodes/>
		</item>
		<item>
			<uuid>970e3795-8a57-11ec-9dd7-0050568e2ffe</uuid>
			<size>5cc4e16f-a918-11ec-9dd8-0050568e2ffe</size>
			<ean/>
			<quantity>1</quantity>
			<price>7999</price>
			<labelCodes/>
		</item>
		<item>
			<uuid>c5503929-8fc3-11ec-9dd7-0050568e2ffe</uuid>
			<size>d7239767-92cc-11ec-9dd7-0050568e2ffe</size>
			<ean/>
			<quantity>2</quantity>
			<price>6999</price>
			<labelCodes/>
		</item>
		<item>
			<uuid>c5503929-8fc3-11ec-9dd7-0050568e2ffe</uuid>
			<size>5cc4e17a-a918-11ec-9dd8-0050568e2ffe</size>
			<ean/>
			<quantity>2</quantity>
			<price>6999</price>
			<labelCodes/>
		</item>
		<item>
			<uuid>c5503929-8fc3-11ec-9dd7-0050568e2ffe</uuid>
			<size>5cc4e17c-a918-11ec-9dd8-0050568e2ffe</size>
			<ean/>
			<quantity>1</quantity>
			<price>6999</price>
			<labelCodes/>
		</item>
		<item>
			<uuid>c5e8e816-954c-11ec-9dd7-0050568e2ffe</uuid>
			<size>5cc4e194-a918-11ec-9dd8-0050568e2ffe</size>
			<ean/>
			<quantity>1</quantity>
			<price>4499</price>
			<labelCodes/>
		</item>
		<item>
			<uuid>c5e8e816-954c-11ec-9dd7-0050568e2ffe</uuid>
			<size>5cc4e195-a918-11ec-9dd8-0050568e2ffe</size>
			<ean/>
			<quantity>2</quantity>
			<price>4499</price>
			<labelCodes/>
		</item>
		<item>
			<uuid>c5e8e816-954c-11ec-9dd7-0050568e2ffe</uuid>
			<size>63961de9-a918-11ec-9dd8-0050568e2ffe</size>
			<ean/>
			<quantity>1</quantity>
			<price>4499</price>
			<labelCodes/>
		</item>
		<item>
			<uuid>c5e8e816-954c-11ec-9dd7-0050568e2ffe</uuid>
			<size>63961dea-a918-11ec-9dd8-0050568e2ffe</size>
			<ean/>
			<quantity>1</quantity>
			<price>4499</price>
			<labelCodes/>
		</item>
		<item>
			<uuid>c5e8e816-954c-11ec-9dd7-0050568e2ffe</uuid>
			<size>63961deb-a918-11ec-9dd8-0050568e2ffe</size>
			<ean/>
			<quantity>1</quantity>
			<price>4499</price>
			<labelCodes/>
		</item>
		<item>
			<uuid>681949b3-986e-11ec-9dd7-0050568e2ffe</uuid>
			<size>63961e05-a918-11ec-9dd8-0050568e2ffe</size>
			<ean/>
			<quantity>2</quantity>
			<price>5999</price>
			<labelCodes/>
		</item>
		<item>
			<uuid>681949b3-986e-11ec-9dd7-0050568e2ffe</uuid>
			<size>63961e06-a918-11ec-9dd8-0050568e2ffe</size>
			<ean/>
			<quantity>1</quantity>
			<price>5999</price>
			<labelCodes/>
		</item>
		<item>
			<uuid>681949b3-986e-11ec-9dd7-0050568e2ffe</uuid>
			<size>63961e07-a918-11ec-9dd8-0050568e2ffe</size>
			<ean/>
			<quantity>1</quantity>
			<price>5999</price>
			<labelCodes/>
		</item>
		<item>
			<uuid>681949b3-986e-11ec-9dd7-0050568e2ffe</uuid>
			<size>63961e08-a918-11ec-9dd8-0050568e2ffe</size>
			<ean/>
			<quantity>2</quantity>
			<price>5999</price>
			<labelCodes/>
		</item>
		<item>
			<uuid>681949b7-986e-11ec-9dd7-0050568e2ffe</uuid>
			<size>9f9109ef-a381-11ec-9dd7-0050568e2ffe</size>
			<ean/>
			<quantity>2</quantity>
			<price>5499</price>
			<labelCodes/>
		</item>
		<item>
			<uuid>681949b7-986e-11ec-9dd7-0050568e2ffe</uuid>
			<size>63961e0a-a918-11ec-9dd8-0050568e2ffe</size>
			<ean/>
			<quantity>2</quantity>
			<price>5499</price>
			<labelCodes/>
		</item>
		<item>
			<uuid>681949b7-986e-11ec-9dd7-0050568e2ffe</uuid>
			<size>63961e0b-a918-11ec-9dd8-0050568e2ffe</size>
			<ean/>
			<quantity>2</quantity>
			<price>5499</price>
			<labelCodes/>
		</item>
		<item>
			<uuid>681949b7-986e-11ec-9dd7-0050568e2ffe</uuid>
			<size>63961e0c-a918-11ec-9dd8-0050568e2ffe</size>
			<ean/>
			<quantity>2</quantity>
			<price>5499</price>
			<labelCodes/>
		</item>
		<item>
			<uuid>681949b7-986e-11ec-9dd7-0050568e2ffe</uuid>
			<size>63961e0d-a918-11ec-9dd8-0050568e2ffe</size>
			<ean/>
			<quantity>2</quantity>
			<price>5499</price>
			<labelCodes/>
		</item>
		<item>
			<uuid>681949bb-986e-11ec-9dd7-0050568e2ffe</uuid>
			<size>9f9109f0-a381-11ec-9dd7-0050568e2ffe</size>
			<ean/>
			<quantity>2</quantity>
			<price>5499</price>
			<labelCodes/>
		</item>
		<item>
			<uuid>681949bb-986e-11ec-9dd7-0050568e2ffe</uuid>
			<size>63961e0e-a918-11ec-9dd8-0050568e2ffe</size>
			<ean/>
			<quantity>2</quantity>
			<price>5499</price>
			<labelCodes/>
		</item>
		<item>
			<uuid>681949bb-986e-11ec-9dd7-0050568e2ffe</uuid>
			<size>63961e0f-a918-11ec-9dd8-0050568e2ffe</size>
			<ean/>
			<quantity>2</quantity>
			<price>5499</price>
			<labelCodes/>
		</item>
		<item>
			<uuid>681949bb-986e-11ec-9dd7-0050568e2ffe</uuid>
			<size>63961e10-a918-11ec-9dd8-0050568e2ffe</size>
			<ean/>
			<quantity>2</quantity>
			<price>5499</price>
			<labelCodes/>
		</item>
		<item>
			<uuid>681949bb-986e-11ec-9dd7-0050568e2ffe</uuid>
			<size>63961e11-a918-11ec-9dd8-0050568e2ffe</size>
			<ean/>
			<quantity>2</quantity>
			<price>5499</price>
			<labelCodes/>
		</item>
		<item>
			<uuid>681949c7-986e-11ec-9dd7-0050568e2ffe</uuid>
			<size>63961e1a-a918-11ec-9dd8-0050568e2ffe</size>
			<ean/>
			<quantity>1</quantity>
			<price>5999</price>
			<labelCodes/>
		</item>
		<item>
			<uuid>681949db-986e-11ec-9dd7-0050568e2ffe</uuid>
			<size>6c9ece1b-a918-11ec-9dd8-0050568e2ffe</size>
			<ean/>
			<quantity>2</quantity>
			<price>6999</price>
			<labelCodes/>
		</item>
		<item>
			<uuid>681949db-986e-11ec-9dd7-0050568e2ffe</uuid>
			<size>6c9ece1c-a918-11ec-9dd8-0050568e2ffe</size>
			<ean/>
			<quantity>2</quantity>
			<price>6999</price>
			<labelCodes/>
		</item>
		<item>
			<uuid>681949db-986e-11ec-9dd7-0050568e2ffe</uuid>
			<size>6c9ece1d-a918-11ec-9dd8-0050568e2ffe</size>
			<ean/>
			<quantity>2</quantity>
			<price>6999</price>
			<labelCodes/>
		</item>
		<item>
			<uuid>681949db-986e-11ec-9dd7-0050568e2ffe</uuid>
			<size>6c9ece1e-a918-11ec-9dd8-0050568e2ffe</size>
			<ean/>
			<quantity>2</quantity>
			<price>6999</price>
			<labelCodes/>
		</item>
		<item>
			<uuid>0cd9012b-986f-11ec-9dd7-0050568e2ffe</uuid>
			<size>6c9ece45-a918-11ec-9dd8-0050568e2ffe</size>
			<ean/>
			<quantity>2</quantity>
			<price>8999</price>
			<labelCodes/>
		</item>
		<item>
			<uuid>0cd9012b-986f-11ec-9dd7-0050568e2ffe</uuid>
			<size>6c9ece46-a918-11ec-9dd8-0050568e2ffe</size>
			<ean/>
			<quantity>2</quantity>
			<price>8999</price>
			<labelCodes/>
		</item>
		<item>
			<uuid>0cd9012b-986f-11ec-9dd7-0050568e2ffe</uuid>
			<size>6c9ece47-a918-11ec-9dd8-0050568e2ffe</size>
			<ean/>
			<quantity>2</quantity>
			<price>8999</price>
			<labelCodes/>
		</item>
		<item>
			<uuid>0cd9012b-986f-11ec-9dd7-0050568e2ffe</uuid>
			<size>6c9ece48-a918-11ec-9dd8-0050568e2ffe</size>
			<ean/>
			<quantity>2</quantity>
			<price>8999</price>
			<labelCodes/>
		</item>
		<item>
			<uuid>0cd9012b-986f-11ec-9dd7-0050568e2ffe</uuid>
			<size>6c9ece49-a918-11ec-9dd8-0050568e2ffe</size>
			<ean/>
			<quantity>2</quantity>
			<price>8999</price>
			<labelCodes/>
		</item>
		<item>
			<uuid>8c249367-986f-11ec-9dd7-0050568e2ffe</uuid>
			<size>5020e4ae-a507-11ec-9dd7-0050568e2ffe</size>
			<ean/>
			<quantity>1</quantity>
			<price>8999</price>
			<labelCodes/>
		</item>
		<item>
			<uuid>8c249367-986f-11ec-9dd7-0050568e2ffe</uuid>
			<size>742f2925-a918-11ec-9dd8-0050568e2ffe</size>
			<ean/>
			<quantity>2</quantity>
			<price>8999</price>
			<labelCodes/>
		</item>
		<item>
			<uuid>8c249367-986f-11ec-9dd7-0050568e2ffe</uuid>
			<size>742f2926-a918-11ec-9dd8-0050568e2ffe</size>
			<ean/>
			<quantity>1</quantity>
			<price>8999</price>
			<labelCodes/>
		</item>
		<item>
			<uuid>dc547b37-9871-11ec-9dd7-0050568e2ffe</uuid>
			<size>b46d6801-9ada-11ec-9dd7-0050568e2ffe</size>
			<ean/>
			<quantity>1</quantity>
			<price>5999</price>
			<labelCodes/>
		</item>
		<item>
			<uuid>dc547b37-9871-11ec-9dd7-0050568e2ffe</uuid>
			<size>848fb9d2-a918-11ec-9dd8-0050568e2ffe</size>
			<ean/>
			<quantity>2</quantity>
			<price>5999</price>
			<labelCodes/>
		</item>
		<item>
			<uuid>dc547b5f-9871-11ec-9dd7-0050568e2ffe</uuid>
			<size>8c34d36a-a68c-11ec-9dd7-0050568e2ffe</size>
			<ean/>
			<quantity>2</quantity>
			<price>6999</price>
			<labelCodes/>
		</item>
		<item>
			<uuid>dc547b5f-9871-11ec-9dd7-0050568e2ffe</uuid>
			<size>848fb9ee-a918-11ec-9dd8-0050568e2ffe</size>
			<ean/>
			<quantity>2</quantity>
			<price>6999</price>
			<labelCodes/>
		</item>
		<item>
			<uuid>dc547b5f-9871-11ec-9dd7-0050568e2ffe</uuid>
			<size>848fb9ef-a918-11ec-9dd8-0050568e2ffe</size>
			<ean/>
			<quantity>1</quantity>
			<price>6999</price>
			<labelCodes/>
		</item>
		<item>
			<uuid>5e287690-9872-11ec-9dd7-0050568e2ffe</uuid>
			<size>8bb96d5b-a918-11ec-9dd8-0050568e2ffe</size>
			<ean/>
			<quantity>1</quantity>
			<price>6999</price>
			<labelCodes/>
		</item>
		<item>
			<uuid>5e287690-9872-11ec-9dd7-0050568e2ffe</uuid>
			<size>8bb96d5d-a918-11ec-9dd8-0050568e2ffe</size>
			<ean/>
			<quantity>1</quantity>
			<price>6999</price>
			<labelCodes/>
		</item>
		<item>
			<uuid>5e28769c-9872-11ec-9dd7-0050568e2ffe</uuid>
			<size>9f9109ee-a381-11ec-9dd7-0050568e2ffe</size>
			<ean/>
			<quantity>3</quantity>
			<price>2999</price>
			<labelCodes/>
		</item>
		<item>
			<uuid>5e28769c-9872-11ec-9dd7-0050568e2ffe</uuid>
			<size>8bb96d64-a918-11ec-9dd8-0050568e2ffe</size>
			<ean/>
			<quantity>1</quantity>
			<price>2999</price>
			<labelCodes/>
		</item>
		<item>
			<uuid>5e2876a0-9872-11ec-9dd7-0050568e2ffe</uuid>
			<size>8bb96d67-a918-11ec-9dd8-0050568e2ffe</size>
			<ean/>
			<quantity>1</quantity>
			<price>2999</price>
			<labelCodes/>
		</item>
		<item>
			<uuid>5e2876ac-9872-11ec-9dd7-0050568e2ffe</uuid>
			<size>8bb96d6f-a918-11ec-9dd8-0050568e2ffe</size>
			<ean/>
			<quantity>1</quantity>
			<price>5999</price>
			<labelCodes/>
		</item>
		<item>
			<uuid>5e2876ac-9872-11ec-9dd7-0050568e2ffe</uuid>
			<size>8bb96d70-a918-11ec-9dd8-0050568e2ffe</size>
			<ean/>
			<quantity>2</quantity>
			<price>5999</price>
			<labelCodes/>
		</item>
		<item>
			<uuid>5e2876ac-9872-11ec-9dd7-0050568e2ffe</uuid>
			<size>8bb96d71-a918-11ec-9dd8-0050568e2ffe</size>
			<ean/>
			<quantity>1</quantity>
			<price>5999</price>
			<labelCodes/>
		</item>
		<item>
			<uuid>5e2876ac-9872-11ec-9dd7-0050568e2ffe</uuid>
			<size>8bb96d72-a918-11ec-9dd8-0050568e2ffe</size>
			<ean/>
			<quantity>2</quantity>
			<price>5999</price>
			<labelCodes/>
		</item>
		<item>
			<uuid>5e2876b4-9872-11ec-9dd7-0050568e2ffe</uuid>
			<size>542adffa-a905-11ec-9dd7-0050568e2ffe</size>
			<ean/>
			<quantity>1</quantity>
			<price>5999</price>
			<labelCodes/>
		</item>
		<item>
			<uuid>5e2876b4-9872-11ec-9dd7-0050568e2ffe</uuid>
			<size>8bb96d7a-a918-11ec-9dd8-0050568e2ffe</size>
			<ean/>
			<quantity>1</quantity>
			<price>5999</price>
			<labelCodes/>
		</item>
		<item>
			<uuid>5e2876bc-9872-11ec-9dd7-0050568e2ffe</uuid>
			<size>8bb96d82-a918-11ec-9dd8-0050568e2ffe</size>
			<ean/>
			<quantity>1</quantity>
			<price>6499</price>
			<labelCodes/>
		</item>
		<item>
			<uuid>5e2876bc-9872-11ec-9dd7-0050568e2ffe</uuid>
			<size>8bb96d83-a918-11ec-9dd8-0050568e2ffe</size>
			<ean/>
			<quantity>2</quantity>
			<price>6499</price>
			<labelCodes/>
		</item>
		<item>
			<uuid>5e2876bc-9872-11ec-9dd7-0050568e2ffe</uuid>
			<size>8bb96d85-a918-11ec-9dd8-0050568e2ffe</size>
			<ean/>
			<quantity>1</quantity>
			<price>6499</price>
			<labelCodes/>
		</item>
		<item>
			<uuid>5e2876c0-9872-11ec-9dd7-0050568e2ffe</uuid>
			<size>8bb96d88-a918-11ec-9dd8-0050568e2ffe</size>
			<ean/>
			<quantity>2</quantity>
			<price>6499</price>
			<labelCodes/>
		</item>
		<item>
			<uuid>e33571ad-9872-11ec-9dd7-0050568e2ffe</uuid>
			<size>8c34d368-a68c-11ec-9dd7-0050568e2ffe</size>
			<ean/>
			<quantity>2</quantity>
			<price>2999</price>
			<labelCodes>
				<labelCode>0104620143993647215012216600161</labelCode>
				<labelCode>0104620143993647215012216600187</labelCode>
			</labelCodes>
		</item>
		<item>
			<uuid>e33571ad-9872-11ec-9dd7-0050568e2ffe</uuid>
			<size>8bb96d94-a918-11ec-9dd8-0050568e2ffe</size>
			<ean/>
			<quantity>2</quantity>
			<price>2999</price>
			<labelCodes>
				<labelCode>0104620143905350215012216600012</labelCode>
				<labelCode>0104620143905350215012216600028</labelCode>
			</labelCodes>
		</item>
		<item>
			<uuid>e33571ad-9872-11ec-9dd7-0050568e2ffe</uuid>
			<size>8bb96d95-a918-11ec-9dd8-0050568e2ffe</size>
			<ean/>
			<quantity>2</quantity>
			<price>2999</price>
			<labelCodes>
				<labelCode>0104620143905367215012216600404</labelCode>
				<labelCode>0104620143905367215012216600405</labelCode>
			</labelCodes>
		</item>
		<item>
			<uuid>e33571b5-9872-11ec-9dd7-0050568e2ffe</uuid>
			<size>92a04c95-a918-11ec-9dd8-0050568e2ffe</size>
			<ean/>
			<quantity>2</quantity>
			<price>6499</price>
			<labelCodes>
				<labelCode>0104620143999243215012215510040</labelCode>
				<labelCode>0104620143999243215012215510269</labelCode>
			</labelCodes>
		</item>
		<item>
			<uuid>e33571b5-9872-11ec-9dd7-0050568e2ffe</uuid>
			<size>92a04c96-a918-11ec-9dd8-0050568e2ffe</size>
			<ean/>
			<quantity>2</quantity>
			<price>6499</price>
			<labelCodes>
				<labelCode>0104620143999250215012215510009</labelCode>
				<labelCode>0104620143999250215012314680001</labelCode>
			</labelCodes>
		</item>
		<item>
			<uuid>e33571b5-9872-11ec-9dd7-0050568e2ffe</uuid>
			<size>92a04c97-a918-11ec-9dd8-0050568e2ffe</size>
			<ean/>
			<quantity>1</quantity>
			<price>6499</price>
			<labelCodes>
				<labelCode>0104620143999267215012215510128</labelCode>
			</labelCodes>
		</item>
		<item>
			<uuid>e33571bd-9872-11ec-9dd7-0050568e2ffe</uuid>
			<size>8c34d366-a68c-11ec-9dd7-0050568e2ffe</size>
			<ean/>
			<quantity>2</quantity>
			<price>4999</price>
			<labelCodes/>
		</item>
		<item>
			<uuid>e33571bd-9872-11ec-9dd7-0050568e2ffe</uuid>
			<size>92a04c9d-a918-11ec-9dd8-0050568e2ffe</size>
			<ean/>
			<quantity>2</quantity>
			<price>4999</price>
			<labelCodes/>
		</item>
		<item>
			<uuid>e33571bd-9872-11ec-9dd7-0050568e2ffe</uuid>
			<size>92a04c9e-a918-11ec-9dd8-0050568e2ffe</size>
			<ean/>
			<quantity>1</quantity>
			<price>4999</price>
			<labelCodes/>
		</item>
		<item>
			<uuid>e33571bd-9872-11ec-9dd7-0050568e2ffe</uuid>
			<size>92a04c9f-a918-11ec-9dd8-0050568e2ffe</size>
			<ean/>
			<quantity>2</quantity>
			<price>4999</price>
			<labelCodes/>
		</item>
		<item>
			<uuid>e33571cd-9872-11ec-9dd7-0050568e2ffe</uuid>
			<size>92a04cb2-a918-11ec-9dd8-0050568e2ffe</size>
			<ean/>
			<quantity>2</quantity>
			<price>3999</price>
			<labelCodes>
				<labelCode>0104620143975209215012215130057</labelCode>
				<labelCode>0104620143975209215012215130105</labelCode>
			</labelCodes>
		</item>
		<item>
			<uuid>e33571cd-9872-11ec-9dd7-0050568e2ffe</uuid>
			<size>92a04cb3-a918-11ec-9dd8-0050568e2ffe</size>
			<ean/>
			<quantity>1</quantity>
			<price>3999</price>
			<labelCodes>
				<labelCode>0104620143975216215012211750103</labelCode>
			</labelCodes>
		</item>
		<item>
			<uuid>e33571cd-9872-11ec-9dd7-0050568e2ffe</uuid>
			<size>92a04cb4-a918-11ec-9dd8-0050568e2ffe</size>
			<ean/>
			<quantity>1</quantity>
			<price>3999</price>
			<labelCodes>
				<labelCode>0104620143975223215012307600001</labelCode>
			</labelCodes>
		</item>
		<item>
			<uuid>e33571d5-9872-11ec-9dd7-0050568e2ffe</uuid>
			<size>191ff0c5-a5b2-11ec-9dd7-0050568e2ffe</size>
			<ean/>
			<quantity>2</quantity>
			<price>6999</price>
			<labelCodes/>
		</item>
		<item>
			<uuid>e33571d5-9872-11ec-9dd7-0050568e2ffe</uuid>
			<size>92a04cbd-a918-11ec-9dd8-0050568e2ffe</size>
			<ean/>
			<quantity>2</quantity>
			<price>6999</price>
			<labelCodes/>
		</item>
		<item>
			<uuid>e33571d5-9872-11ec-9dd7-0050568e2ffe</uuid>
			<size>92a04cbe-a918-11ec-9dd8-0050568e2ffe</size>
			<ean/>
			<quantity>1</quantity>
			<price>6999</price>
			<labelCodes/>
		</item>
		<item>
			<uuid>e33571d5-9872-11ec-9dd7-0050568e2ffe</uuid>
			<size>92a04cbf-a918-11ec-9dd8-0050568e2ffe</size>
			<ean/>
			<quantity>2</quantity>
			<price>6999</price>
			<labelCodes/>
		</item>
		<item>
			<uuid>3fa67e8c-9873-11ec-9dd7-0050568e2ffe</uuid>
			<size>86632712-9ba1-11ec-9dd7-0050568e2ffe</size>
			<ean/>
			<quantity>2</quantity>
			<price>5999</price>
			<labelCodes/>
		</item>
		<item>
			<uuid>3fa67e8c-9873-11ec-9dd7-0050568e2ffe</uuid>
			<size>92a04cd1-a918-11ec-9dd8-0050568e2ffe</size>
			<ean/>
			<quantity>2</quantity>
			<price>5999</price>
			<labelCodes/>
		</item>
		<item>
			<uuid>3fa67e8c-9873-11ec-9dd7-0050568e2ffe</uuid>
			<size>9c99effd-a918-11ec-9dd8-0050568e2ffe</size>
			<ean/>
			<quantity>1</quantity>
			<price>5999</price>
			<labelCodes/>
		</item>
		<item>
			<uuid>3fa67eac-9873-11ec-9dd7-0050568e2ffe</uuid>
			<size>4225804f-9fa9-11ec-9dd7-0050568e2ffe</size>
			<ean/>
			<quantity>2</quantity>
			<price>9999</price>
			<labelCodes/>
		</item>
		<item>
			<uuid>3fa67eac-9873-11ec-9dd7-0050568e2ffe</uuid>
			<size>9c99f004-a918-11ec-9dd8-0050568e2ffe</size>
			<ean/>
			<quantity>2</quantity>
			<price>9999</price>
			<labelCodes/>
		</item>
		<item>
			<uuid>3fa67eac-9873-11ec-9dd7-0050568e2ffe</uuid>
			<size>9c99f007-a918-11ec-9dd8-0050568e2ffe</size>
			<ean/>
			<quantity>1</quantity>
			<price>9999</price>
			<labelCodes/>
		</item>
		<item>
			<uuid>3fa67eb0-9873-11ec-9dd7-0050568e2ffe</uuid>
			<size>7206442a-9ba3-11ec-9dd7-0050568e2ffe</size>
			<ean/>
			<quantity>1</quantity>
			<price>6999</price>
			<labelCodes/>
		</item>
		<item>
			<uuid>3fa67eb0-9873-11ec-9dd7-0050568e2ffe</uuid>
			<size>9c99f009-a918-11ec-9dd8-0050568e2ffe</size>
			<ean/>
			<quantity>1</quantity>
			<price>6999</price>
			<labelCodes/>
		</item>
		<item>
			<uuid>3fa67eb0-9873-11ec-9dd7-0050568e2ffe</uuid>
			<size>9c99f00a-a918-11ec-9dd8-0050568e2ffe</size>
			<ean/>
			<quantity>1</quantity>
			<price>6999</price>
			<labelCodes/>
		</item>
		<item>
			<uuid>3fa67eb0-9873-11ec-9dd7-0050568e2ffe</uuid>
			<size>9c99f00b-a918-11ec-9dd8-0050568e2ffe</size>
			<ean/>
			<quantity>1</quantity>
			<price>6999</price>
			<labelCodes/>
		</item>
		<item>
			<uuid>3fa67eb4-9873-11ec-9dd7-0050568e2ffe</uuid>
			<size>9c99f00d-a918-11ec-9dd8-0050568e2ffe</size>
			<ean/>
			<quantity>2</quantity>
			<price>5999</price>
			<labelCodes/>
		</item>
		<item>
			<uuid>3fa67eb4-9873-11ec-9dd7-0050568e2ffe</uuid>
			<size>9c99f00e-a918-11ec-9dd8-0050568e2ffe</size>
			<ean/>
			<quantity>2</quantity>
			<price>5999</price>
			<labelCodes/>
		</item>
		<item>
			<uuid>3fa67eb4-9873-11ec-9dd7-0050568e2ffe</uuid>
			<size>9c99f00f-a918-11ec-9dd8-0050568e2ffe</size>
			<ean/>
			<quantity>1</quantity>
			<price>5999</price>
			<labelCodes/>
		</item>
		<item>
			<uuid>3fa67eb4-9873-11ec-9dd7-0050568e2ffe</uuid>
			<size>9c99f010-a918-11ec-9dd8-0050568e2ffe</size>
			<ean/>
			<quantity>1</quantity>
			<price>5999</price>
			<labelCodes/>
		</item>
		<item>
			<uuid>3fa67eb4-9873-11ec-9dd7-0050568e2ffe</uuid>
			<size>9c99f011-a918-11ec-9dd8-0050568e2ffe</size>
			<ean/>
			<quantity>2</quantity>
			<price>5999</price>
			<labelCodes/>
		</item>
		<item>
			<uuid>a19d7fc5-9873-11ec-9dd7-0050568e2ffe</uuid>
			<size>9c99f018-a918-11ec-9dd8-0050568e2ffe</size>
			<ean/>
			<quantity>2</quantity>
			<price>6999</price>
			<labelCodes/>
		</item>
		<item>
			<uuid>a19d7fc5-9873-11ec-9dd7-0050568e2ffe</uuid>
			<size>9c99f019-a918-11ec-9dd8-0050568e2ffe</size>
			<ean/>
			<quantity>2</quantity>
			<price>6999</price>
			<labelCodes/>
		</item>
		<item>
			<uuid>a19d7fc5-9873-11ec-9dd7-0050568e2ffe</uuid>
			<size>9c99f01a-a918-11ec-9dd8-0050568e2ffe</size>
			<ean/>
			<quantity>2</quantity>
			<price>6999</price>
			<labelCodes/>
		</item>
		<item>
			<uuid>a19d7fc5-9873-11ec-9dd7-0050568e2ffe</uuid>
			<size>9c99f01b-a918-11ec-9dd8-0050568e2ffe</size>
			<ean/>
			<quantity>1</quantity>
			<price>6999</price>
			<labelCodes/>
		</item>
		<item>
			<uuid>a19d7fc9-9873-11ec-9dd7-0050568e2ffe</uuid>
			<size>9c99f020-a918-11ec-9dd8-0050568e2ffe</size>
			<ean/>
			<quantity>1</quantity>
			<price>6499</price>
			<labelCodes/>
		</item>
		<item>
			<uuid>a19d7fd1-9873-11ec-9dd7-0050568e2ffe</uuid>
			<size>71663c18-b408-11ec-9dda-0050568e2ffe</size>
			<ean/>
			<quantity>1</quantity>
			<price>14999</price>
			<labelCodes>
				<labelCode>0104620143999656215012215920098</labelCode>
			</labelCodes>
		</item>
		<item>
			<uuid>a19d7fd1-9873-11ec-9dd7-0050568e2ffe</uuid>
			<size>71663c19-b408-11ec-9dda-0050568e2ffe</size>
			<ean/>
			<quantity>1</quantity>
			<price>14999</price>
			<labelCodes>
				<labelCode>0104620143999663215012215920007</labelCode>
			</labelCodes>
		</item>
		<item>
			<uuid>a19d7fd1-9873-11ec-9dd7-0050568e2ffe</uuid>
			<size>71663c1b-b408-11ec-9dda-0050568e2ffe</size>
			<ean/>
			<quantity>1</quantity>
			<price>14999</price>
			<labelCodes>
				<labelCode>0104620143999687215012215920023</labelCode>
			</labelCodes>
		</item>
		<item>
			<uuid>a19d7ff1-9873-11ec-9dd7-0050568e2ffe</uuid>
			<size>9c99f02a-a918-11ec-9dd8-0050568e2ffe</size>
			<ean/>
			<quantity>1</quantity>
			<price>3999</price>
			<labelCodes>
				<labelCode>0104620143977890215012212460113</labelCode>
			</labelCodes>
		</item>
		<item>
			<uuid>a19d7ff1-9873-11ec-9dd7-0050568e2ffe</uuid>
			<size>9c99f02c-a918-11ec-9dd8-0050568e2ffe</size>
			<ean/>
			<quantity>1</quantity>
			<price>3999</price>
			<labelCodes>
				<labelCode>0104620143977913215012212460065</labelCode>
			</labelCodes>
		</item>
		<item>
			<uuid>a19d7ff5-9873-11ec-9dd7-0050568e2ffe</uuid>
			<size>9c99f030-a918-11ec-9dd8-0050568e2ffe</size>
			<ean/>
			<quantity>1</quantity>
			<price>4499</price>
			<labelCodes>
				<labelCode>0104620143993708215012213520035</labelCode>
			</labelCodes>
		</item>
		<item>
			<uuid>a19d7ff5-9873-11ec-9dd7-0050568e2ffe</uuid>
			<size>9c99f032-a918-11ec-9dd8-0050568e2ffe</size>
			<ean/>
			<quantity>1</quantity>
			<price>4499</price>
			<labelCodes>
				<labelCode>0104620143995993215012213520145</labelCode>
			</labelCodes>
		</item>
		<item>
			<uuid>a19d7ff5-9873-11ec-9dd7-0050568e2ffe</uuid>
			<size>9c99f034-a918-11ec-9dd8-0050568e2ffe</size>
			<ean/>
			<quantity>1</quantity>
			<price>4499</price>
			<labelCodes>
				<labelCode>0104620143996013215012213520066</labelCode>
			</labelCodes>
		</item>
		<item>
			<uuid>f1878f15-9873-11ec-9dd7-0050568e2ffe</uuid>
			<size>9c99f03b-a918-11ec-9dd8-0050568e2ffe</size>
			<ean/>
			<quantity>1</quantity>
			<price>4499</price>
			<labelCodes>
				<labelCode>0104620143998826215012214950117</labelCode>
			</labelCodes>
		</item>
		<item>
			<uuid>f1878f15-9873-11ec-9dd7-0050568e2ffe</uuid>
			<size>a4194c98-a918-11ec-9dd8-0050568e2ffe</size>
			<ean/>
			<quantity>1</quantity>
			<price>4499</price>
			<labelCodes>
				<labelCode>0104620143998840215012214950073</labelCode>
			</labelCodes>
		</item>
		<item>
			<uuid>4a0cc7ac-9874-11ec-9dd7-0050568e2ffe</uuid>
			<size>a4194cd4-a918-11ec-9dd8-0050568e2ffe</size>
			<ean/>
			<quantity>1</quantity>
			<price>7999</price>
			<labelCodes/>
		</item>
		<item>
			<uuid>4a0cc7ac-9874-11ec-9dd7-0050568e2ffe</uuid>
			<size>a4194cd6-a918-11ec-9dd8-0050568e2ffe</size>
			<ean/>
			<quantity>1</quantity>
			<price>7999</price>
			<labelCodes/>
		</item>
		<item>
			<uuid>4a0cc7ac-9874-11ec-9dd7-0050568e2ffe</uuid>
			<size>ac3d269c-a918-11ec-9dd8-0050568e2ffe</size>
			<ean/>
			<quantity>1</quantity>
			<price>7999</price>
			<labelCodes/>
		</item>
		<item>
			<uuid>4a0cc7ac-9874-11ec-9dd7-0050568e2ffe</uuid>
			<size>ac3d269d-a918-11ec-9dd8-0050568e2ffe</size>
			<ean/>
			<quantity>2</quantity>
			<price>7999</price>
			<labelCodes/>
		</item>
		<item>
			<uuid>4a0cc7b0-9874-11ec-9dd7-0050568e2ffe</uuid>
			<size>542ae005-a905-11ec-9dd7-0050568e2ffe</size>
			<ean/>
			<quantity>2</quantity>
			<price>4999</price>
			<labelCodes/>
		</item>
		<item>
			<uuid>4a0cc7b0-9874-11ec-9dd7-0050568e2ffe</uuid>
			<size>ac3d269e-a918-11ec-9dd8-0050568e2ffe</size>
			<ean/>
			<quantity>2</quantity>
			<price>4999</price>
			<labelCodes/>
		</item>
		<item>
			<uuid>4a0cc7b0-9874-11ec-9dd7-0050568e2ffe</uuid>
			<size>ac3d269f-a918-11ec-9dd8-0050568e2ffe</size>
			<ean/>
			<quantity>1</quantity>
			<price>4999</price>
			<labelCodes/>
		</item>
		<item>
			<uuid>4a0cc7b0-9874-11ec-9dd7-0050568e2ffe</uuid>
			<size>ac3d26a0-a918-11ec-9dd8-0050568e2ffe</size>
			<ean/>
			<quantity>2</quantity>
			<price>4999</price>
			<labelCodes/>
		</item>
		<item>
			<uuid>4a0cc7b0-9874-11ec-9dd7-0050568e2ffe</uuid>
			<size>ac3d26a1-a918-11ec-9dd8-0050568e2ffe</size>
			<ean/>
			<quantity>1</quantity>
			<price>4999</price>
			<labelCodes/>
		</item>
		<item>
			<uuid>4a0cc7d5-9874-11ec-9dd7-0050568e2ffe</uuid>
			<size>b46d67f9-9ada-11ec-9dd7-0050568e2ffe</size>
			<ean/>
			<quantity>2</quantity>
			<price>5999</price>
			<labelCodes>
				<labelCode>0104620143993500215012213540018</labelCode>
				<labelCode>0104620143993500215012213540053</labelCode>
			</labelCodes>
		</item>
		<item>
			<uuid>4a0cc7d5-9874-11ec-9dd7-0050568e2ffe</uuid>
			<size>ac3d26ae-a918-11ec-9dd8-0050568e2ffe</size>
			<ean/>
			<quantity>2</quantity>
			<price>5999</price>
			<labelCodes>
				<labelCode>0104620143996129215012213540148</labelCode>
				<labelCode>0104620143996129215012213540177</labelCode>
			</labelCodes>
		</item>
		<item>
			<uuid>4a0cc7d5-9874-11ec-9dd7-0050568e2ffe</uuid>
			<size>ac3d26af-a918-11ec-9dd8-0050568e2ffe</size>
			<ean/>
			<quantity>1</quantity>
			<price>5999</price>
			<labelCodes>
				<labelCode>0104620143996136215012213540017</labelCode>
			</labelCodes>
		</item>
		<item>
			<uuid>1ed75486-9882-11ec-9dd7-0050568e2ffe</uuid>
			<size>ac3d26b3-a918-11ec-9dd8-0050568e2ffe</size>
			<ean/>
			<quantity>2</quantity>
			<price>9999</price>
			<labelCodes/>
		</item>
		<item>
			<uuid>1ed75486-9882-11ec-9dd7-0050568e2ffe</uuid>
			<size>ac3d26b4-a918-11ec-9dd8-0050568e2ffe</size>
			<ean/>
			<quantity>2</quantity>
			<price>9999</price>
			<labelCodes/>
		</item>
		<item>
			<uuid>1ed75486-9882-11ec-9dd7-0050568e2ffe</uuid>
			<size>ac3d26b5-a918-11ec-9dd8-0050568e2ffe</size>
			<ean/>
			<quantity>2</quantity>
			<price>9999</price>
			<labelCodes/>
		</item>
		<item>
			<uuid>1ed75486-9882-11ec-9dd7-0050568e2ffe</uuid>
			<size>ac3d26b6-a918-11ec-9dd8-0050568e2ffe</size>
			<ean/>
			<quantity>2</quantity>
			<price>9999</price>
			<labelCodes/>
		</item>
		<item>
			<uuid>1ed75486-9882-11ec-9dd7-0050568e2ffe</uuid>
			<size>ac3d26b7-a918-11ec-9dd8-0050568e2ffe</size>
			<ean/>
			<quantity>2</quantity>
			<price>9999</price>
			<labelCodes/>
		</item>
		<item>
			<uuid>edb2a97e-9c60-11ec-9dd7-0050568e2ffe</uuid>
			<size>ac3d26c2-a918-11ec-9dd8-0050568e2ffe</size>
			<ean/>
			<quantity>2</quantity>
			<price>3999</price>
			<labelCodes>
				<labelCode>0104620143998956215012215010096</labelCode>
				<labelCode>0104620143998956215012215010150</labelCode>
			</labelCodes>
		</item>
		<item>
			<uuid>edb2a97e-9c60-11ec-9dd7-0050568e2ffe</uuid>
			<size>ac3d26c3-a918-11ec-9dd8-0050568e2ffe</size>
			<ean/>
			<quantity>2</quantity>
			<price>3999</price>
			<labelCodes>
				<labelCode>0104620143993807215012215010056</labelCode>
				<labelCode>0104620143993807215012215010392</labelCode>
			</labelCodes>
		</item>
		<item>
			<uuid>edb2a97e-9c60-11ec-9dd7-0050568e2ffe</uuid>
			<size>ac3d26c4-a918-11ec-9dd8-0050568e2ffe</size>
			<ean/>
			<quantity>2</quantity>
			<price>3999</price>
			<labelCodes>
				<labelCode>0104620143998963215012215010253</labelCode>
				<labelCode>0104620143998963215012215010336</labelCode>
			</labelCodes>
		</item>
		<item>
			<uuid>edb2a98a-9c60-11ec-9dd7-0050568e2ffe</uuid>
			<size>5020e4ad-a507-11ec-9dd7-0050568e2ffe</size>
			<ean/>
			<quantity>2</quantity>
			<price>3999</price>
			<labelCodes/>
		</item>
		<item>
			<uuid>edb2a98e-9c60-11ec-9dd7-0050568e2ffe</uuid>
			<size>fbffc94f-baf4-11ec-9dda-0050568e2ffe</size>
			<ean/>
			<quantity>1</quantity>
			<price>2999</price>
			<labelCodes/>
		</item>
		<item>
			<uuid>e6157cbc-a5b1-11ec-9dd7-0050568e2ffe</uuid>
			<size>b3ff3952-a918-11ec-9dd8-0050568e2ffe</size>
			<ean/>
			<quantity>1</quantity>
			<price>5499</price>
			<labelCodes>
				<labelCode>0104620143995122215012215270030</labelCode>
			</labelCodes>
		</item>
		<item>
			<uuid>e6157cbc-a5b1-11ec-9dd7-0050568e2ffe</uuid>
			<size>b3ff3953-a918-11ec-9dd8-0050568e2ffe</size>
			<ean/>
			<quantity>1</quantity>
			<price>5499</price>
			<labelCodes>
				<labelCode>0104620143993036215012215270056</labelCode>
			</labelCodes>
		</item>
		<item>
			<uuid>e6157cbc-a5b1-11ec-9dd7-0050568e2ffe</uuid>
			<size>b3ff3957-a918-11ec-9dd8-0050568e2ffe</size>
			<ean/>
			<quantity>1</quantity>
			<price>5499</price>
			<labelCodes>
				<labelCode>0104620143995160215012215270076</labelCode>
			</labelCodes>
		</item>
		<item>
			<uuid>e6157cc8-a5b1-11ec-9dd7-0050568e2ffe</uuid>
			<size>b3ff395e-a918-11ec-9dd8-0050568e2ffe</size>
			<ean/>
			<quantity>1</quantity>
			<price>3999</price>
			<labelCodes/>
		</item>
		<item>
			<uuid>e6157cc8-a5b1-11ec-9dd7-0050568e2ffe</uuid>
			<size>b3ff395f-a918-11ec-9dd8-0050568e2ffe</size>
			<ean/>
			<quantity>2</quantity>
			<price>3999</price>
			<labelCodes/>
		</item>
		<item>
			<uuid>e6157cc8-a5b1-11ec-9dd7-0050568e2ffe</uuid>
			<size>b3ff3960-a918-11ec-9dd8-0050568e2ffe</size>
			<ean/>
			<quantity>2</quantity>
			<price>3999</price>
			<labelCodes/>
		</item>
		<item>
			<uuid>e6157ccc-a5b1-11ec-9dd7-0050568e2ffe</uuid>
			<size>542ae002-a905-11ec-9dd7-0050568e2ffe</size>
			<ean/>
			<quantity>1</quantity>
			<price>6999</price>
			<labelCodes/>
		</item>
		<item>
			<uuid>e6157ccc-a5b1-11ec-9dd7-0050568e2ffe</uuid>
			<size>b3ff3964-a918-11ec-9dd8-0050568e2ffe</size>
			<ean/>
			<quantity>2</quantity>
			<price>6999</price>
			<labelCodes/>
		</item>
		<item>
			<uuid>e6157ccc-a5b1-11ec-9dd7-0050568e2ffe</uuid>
			<size>b3ff3965-a918-11ec-9dd8-0050568e2ffe</size>
			<ean/>
			<quantity>2</quantity>
			<price>6999</price>
			<labelCodes/>
		</item>
		<item>
			<uuid>e6157ccc-a5b1-11ec-9dd7-0050568e2ffe</uuid>
			<size>b3ff3966-a918-11ec-9dd8-0050568e2ffe</size>
			<ean/>
			<quantity>2</quantity>
			<price>6999</price>
			<labelCodes/>
		</item>
		<item>
			<uuid>e6157ccc-a5b1-11ec-9dd7-0050568e2ffe</uuid>
			<size>b3ff3967-a918-11ec-9dd8-0050568e2ffe</size>
			<ean/>
			<quantity>2</quantity>
			<price>6999</price>
			<labelCodes/>
		</item>
		<item>
			<uuid>e6157cd0-a5b1-11ec-9dd7-0050568e2ffe</uuid>
			<size>542ae001-a905-11ec-9dd7-0050568e2ffe</size>
			<ean/>
			<quantity>2</quantity>
			<price>6999</price>
			<labelCodes/>
		</item>
		<item>
			<uuid>e6157cd0-a5b1-11ec-9dd7-0050568e2ffe</uuid>
			<size>b3ff3968-a918-11ec-9dd8-0050568e2ffe</size>
			<ean/>
			<quantity>2</quantity>
			<price>6999</price>
			<labelCodes/>
		</item>
		<item>
			<uuid>e6157cd0-a5b1-11ec-9dd7-0050568e2ffe</uuid>
			<size>b3ff3969-a918-11ec-9dd8-0050568e2ffe</size>
			<ean/>
			<quantity>2</quantity>
			<price>6999</price>
			<labelCodes/>
		</item>
		<item>
			<uuid>e6157cd8-a5b1-11ec-9dd7-0050568e2ffe</uuid>
			<size>b3ff3971-a918-11ec-9dd8-0050568e2ffe</size>
			<ean/>
			<quantity>2</quantity>
			<price>5999</price>
			<labelCodes/>
		</item>
		<item>
			<uuid>e6157cd8-a5b1-11ec-9dd7-0050568e2ffe</uuid>
			<size>b3ff3972-a918-11ec-9dd8-0050568e2ffe</size>
			<ean/>
			<quantity>2</quantity>
			<price>5999</price>
			<labelCodes/>
		</item>
		<item>
			<uuid>e6157cd8-a5b1-11ec-9dd7-0050568e2ffe</uuid>
			<size>b3ff3973-a918-11ec-9dd8-0050568e2ffe</size>
			<ean/>
			<quantity>2</quantity>
			<price>5999</price>
			<labelCodes/>
		</item>
		<item>
			<uuid>e6157cd8-a5b1-11ec-9dd7-0050568e2ffe</uuid>
			<size>b3ff3974-a918-11ec-9dd8-0050568e2ffe</size>
			<ean/>
			<quantity>1</quantity>
			<price>5999</price>
			<labelCodes/>
		</item>
		<item>
			<uuid>e6157ce4-a5b1-11ec-9dd7-0050568e2ffe</uuid>
			<size>542ae000-a905-11ec-9dd7-0050568e2ffe</size>
			<ean/>
			<quantity>2</quantity>
			<price>2799</price>
			<labelCodes>
				<labelCode>0104620143993029215012213920118</labelCode>
				<labelCode>0104620143993029215012213920145</labelCode>
			</labelCodes>
		</item>
		<item>
			<uuid>e6157ce4-a5b1-11ec-9dd7-0050568e2ffe</uuid>
			<size>b3ff397f-a918-11ec-9dd8-0050568e2ffe</size>
			<ean/>
			<quantity>2</quantity>
			<price>2799</price>
			<labelCodes>
				<labelCode>0104620143995269215012213920024</labelCode>
				<labelCode>0104620143995269215012213920214</labelCode>
			</labelCodes>
		</item>
		<item>
			<uuid>e6157ce4-a5b1-11ec-9dd7-0050568e2ffe</uuid>
			<size>b3ff3980-a918-11ec-9dd8-0050568e2ffe</size>
			<ean/>
			<quantity>2</quantity>
			<price>2799</price>
			<labelCodes>
				<labelCode>0104620143995276215012213920050</labelCode>
				<labelCode>0104620143995276215012213920236</labelCode>
			</labelCodes>
		</item>
		<item>
			<uuid>0de4e46a-a67b-11ec-9dd7-0050568e2ffe</uuid>
			<size>bb04ef1c-a918-11ec-9dd8-0050568e2ffe</size>
			<ean/>
			<quantity>1</quantity>
			<price>2999</price>
			<labelCodes>
				<labelCode>0104620143996792215012214260224</labelCode>
			</labelCodes>
		</item>
		<item>
			<uuid>0de4e46a-a67b-11ec-9dd7-0050568e2ffe</uuid>
			<size>bb04ef1d-a918-11ec-9dd8-0050568e2ffe</size>
			<ean/>
			<quantity>2</quantity>
			<price>2999</price>
			<labelCodes>
				<labelCode>0104620143996808215012214260083</labelCode>
				<labelCode>0104620143996808215012214260087</labelCode>
			</labelCodes>
		</item>
		<item>
			<uuid>0de4e46a-a67b-11ec-9dd7-0050568e2ffe</uuid>
			<size>bb04ef1f-a918-11ec-9dd8-0050568e2ffe</size>
			<ean/>
			<quantity>1</quantity>
			<price>2999</price>
			<labelCodes>
				<labelCode>0104620143996822215012214260040</labelCode>
			</labelCodes>
		</item>
		<item>
			<uuid>ffb833b2-ba48-11ec-9dda-0050568e2ffe</uuid>
			<size>d6631d4f-ba5c-11ec-9dda-0050568e2ffe</size>
			<ean/>
			<quantity>2</quantity>
			<price>5499</price>
			<labelCodes/>
		</item>
		<item>
			<uuid>ffb833b2-ba48-11ec-9dda-0050568e2ffe</uuid>
			<size>d6631d50-ba5c-11ec-9dda-0050568e2ffe</size>
			<ean/>
			<quantity>1</quantity>
			<price>5499</price>
			<labelCodes/>
		</item>
		<item>
			<uuid>ffb833b2-ba48-11ec-9dda-0050568e2ffe</uuid>
			<size>d6631d51-ba5c-11ec-9dda-0050568e2ffe</size>
			<ean/>
			<quantity>1</quantity>
			<price>5499</price>
			<labelCodes/>
		</item>
		<item>
			<uuid>ffb833b2-ba48-11ec-9dda-0050568e2ffe</uuid>
			<size>d6631d52-ba5c-11ec-9dda-0050568e2ffe</size>
			<ean/>
			<quantity>1</quantity>
			<price>5499</price>
			<labelCodes/>
		</item>
		<item>
			<uuid>ffb833b2-ba48-11ec-9dda-0050568e2ffe</uuid>
			<size>d6631d53-ba5c-11ec-9dda-0050568e2ffe</size>
			<ean/>
			<quantity>1</quantity>
			<price>5499</price>
			<labelCodes/>
		</item>
	</items>
</shipmentAnnouncementRequest>