﻿<?xml version="1.0" encoding="UTF-8"?>
<productMasterDataRequest xmlns="http://service.profashionsolutions.ru/fe714_r002" xmlns:xs="http://www.w3.org/2001/XMLSchema" xmlns:xsi="http://www.w3.org/2001/XMLSchema-instance">
	<main>
		<parents/>
		<typesItems>
			<typeItems id="efc7a940-1c50-4e9d-a02d-376c844c3c67">
				<name>Основной тип товара</name>
				<addFieldsItem>
					<field id="af06737a-94a6-473e-bd57-1cc66378d317" type="boolean" multiple="false">
						<name>Навеска</name>
					</field>
					<field id="c0ee2f86-a6e0-4b0a-8791-1d37bd665663" type="string" multiple="false">
						<name>Сезон</name>
					</field>
					<field id="85fe09d6-d9c6-4bc8-a947-e1d8893c7d08" type="string" multiple="false">
						<name>Торговая марка</name>
					</field>
				</addFieldsItem>
				<addFieldsSize/>
			</typeItems>
		</typesItems>
		<prices>
			<price id="2b0660e4-0e60-11e4-80c3-0050568d706a">
				<name>Цена розницы Основная</name>
				<currency>RUB</currency>
			</price>
		</prices>
		<commonAddFieldsItem/>
		<commonAddFieldsSize/>
	</main>
	<items>
		<item uuid="13b94ac7-5b4f-11ed-9ddc-0050568e2ffe">
			<typeItemId>efc7a940-1c50-4e9d-a02d-376c844c3c67</typeItemId>
			<article>DR0575</article>
			<name>Платье женское DR0575 3О4421 Разноцветный</name>
			<fullDescr>Платье в стиле бохо выполнено из лёгкого вискозного полотна с дизайнерским флористическим принтом. Модель трапециевидного кроя, малого объёма в лифе и свободная в области бёдер, с круглым вырезом горловины, втачным рукавом со складками по линии плеча и у манжета. Сборка под грудью и талиевые вытачки сзади формируют изящный силуэт. Длина - выше линии колена. Образ можно дополнить фактурным вязаным кардиганом.</fullDescr>
			<materialDescr>Вискоза - 100%</materialDescr>
			<vatCode>vc_20</vatCode>
			<color>Разноцветный</color>
			<packingUnit>
				<length>0</length>
				<width>0</width>
				<volume>0</volume>
				<weight>0.18</weight>
			</packingUnit>
			<sizesInfo>
				<sizeInfo size="45fa13a8-64cc-11ed-9ddc-0050568e2ffe">
					<sizeText>164/170-88-96, р. 44</sizeText>
					<ean>2040114493280</ean>
					<ean>2040114493297</ean>
					<ean>2040114493792</ean>
					<ean>2040114493808</ean>
					<ean>2040120312452</ean>
					<prices>
						<price id="2b0660e4-0e60-11e4-80c3-0050568d706a">7999</price>
					</prices>
				</sizeInfo>
			</sizesInfo>
			<addFieldValues>
				<field id="af06737a-94a6-473e-bd57-1cc66378d317">false</field>
				<field id="c0ee2f86-a6e0-4b0a-8791-1d37bd665663">Осень Зима 2023</field>
				<field id="85fe09d6-d9c6-4bc8-a947-e1d8893c7d08">Elis</field>
			</addFieldValues>
			<stateCodes>
				<tnved>6204440000</tnved>
				<okpd2/>
			</stateCodes>
		</item>
		<item uuid="84560fc3-5b50-11ed-9ddc-0050568e2ffe">
			<typeItemId>efc7a940-1c50-4e9d-a02d-376c844c3c67</typeItemId>
			<article>SK01666</article>
			<name>Юбка женская SK01666 3О4448 Сине-бежевый</name>
			<fullDescr>Плиссированная юбка-миди с авторским акварельным принтом с флористическим паттерном. Выполнена из шелковистого струящегося материала с лёгким матовым блеском в сине-бежевой гамме. Модель А-силуэта. Эластичная резинка обеспечивает комфортную посадку, а радиальное гофре визуально вытягивает силуэт. Женственная юбка дополнит как повседневный, так и вечерний образ.</fullDescr>
			<materialDescr>ПЕРЕРАБОТАННЫЙ PES - 100%</materialDescr>
			<vatCode>vc_20</vatCode>
			<color>Сине-бежевый</color>
			<packingUnit>
				<length>0</length>
				<width>0</width>
				<volume>0</volume>
				<weight>0.173</weight>
			</packingUnit>
			<sizesInfo>
				<sizeInfo size="32899dfc-8282-11ed-9ddd-0050568e2ffe">
					<sizeText>164/170-92-100, р. 46</sizeText>
					<ean>2040120586969</ean>
					<ean>2040120652510</ean>
					<prices>
						<price id="2b0660e4-0e60-11e4-80c3-0050568d706a">7999</price>
					</prices>
				</sizeInfo>
			</sizesInfo>
			<addFieldValues>
				<field id="af06737a-94a6-473e-bd57-1cc66378d317">true</field>
				<field id="c0ee2f86-a6e0-4b0a-8791-1d37bd665663">Осень Зима 2023</field>
				<field id="85fe09d6-d9c6-4bc8-a947-e1d8893c7d08">Elis</field>
			</addFieldValues>
			<stateCodes>
				<tnved>6204530000</tnved>
				<okpd2/>
			</stateCodes>
		</item>
		<item uuid="4e1af3e8-5b51-11ed-9ddc-0050568e2ffe">
			<typeItemId>efc7a940-1c50-4e9d-a02d-376c844c3c67</typeItemId>
			<article>DR0582KR</article>
			<name>Платье женское DR0582KR 3О4471 Коричневый</name>
			<fullDescr>Лаконичное платье оттенка горький шоколад с накладным карманом, украшенным нитями монили. Выполнено из плотного гладкого трикотажа на основе вискозы. Модель прямого силуэта, со спущенной линией плеча, коротким втачным рукавом и воротником стойкой. Длина изделия комфортная - до линии колен. С помощью универсального платья легко создать как офисный образ, так и лук в стиле кэжуал. Модель легко сочетать с кардиганами, пиджаками и демисезонной обувью.</fullDescr>
			<materialDescr>Вискоза - 63%, Нейлон - 31%, Спандекс - 6%</materialDescr>
			<vatCode>vc_20</vatCode>
			<color>Коричневый</color>
			<packingUnit>
				<length>0</length>
				<width>0</width>
				<volume>0</volume>
				<weight>0.39</weight>
			</packingUnit>
			<sizesInfo>
				<sizeInfo size="c32b7ebe-8283-11ed-9ddd-0050568e2ffe">
					<sizeText>164/170-96-104, р. 48</sizeText>
					<ean>2040120900321</ean>
					<prices>
						<price id="2b0660e4-0e60-11e4-80c3-0050568d706a">5999</price>
					</prices>
				</sizeInfo>
			</sizesInfo>
			<addFieldValues>
				<field id="af06737a-94a6-473e-bd57-1cc66378d317">false</field>
				<field id="c0ee2f86-a6e0-4b0a-8791-1d37bd665663">Осень Зима 2023</field>
				<field id="85fe09d6-d9c6-4bc8-a947-e1d8893c7d08">Elis</field>
			</addFieldValues>
			<stateCodes>
				<tnved>6104440000</tnved>
				<okpd2/>
			</stateCodes>
		</item>
		<item uuid="be70bb4b-60b0-11ed-9ddc-0050568e2ffe">
			<typeItemId>efc7a940-1c50-4e9d-a02d-376c844c3c67</typeItemId>
			<article>JM0064V</article>
			<name>Джемпер женский JM0064V 3О4512 Коричневый</name>
			<fullDescr>Лаконичный легкий джемпер сдержанного коричневого оттенка. Выполнен из фирменной пряжи на основе мягкой вискозы. Дышащий материал приятен к коже и не деформируется со временем. Модель прямого силуэта, малого объёма, с удобным воротником-стойкой и длинным втачным рукавом. Комфортный джемпер легко впишется в базовый гардероб.</fullDescr>
			<materialDescr>Вискоза - 62%, Полиэстер - 38%</materialDescr>
			<vatCode>vc_20</vatCode>
			<color>Коричневый</color>
			<packingUnit>
				<length>0</length>
				<width>0</width>
				<volume>0</volume>
				<weight>0.176</weight>
			</packingUnit>
			<sizesInfo>
				<sizeInfo size="24f195d9-8284-11ed-9ddd-0050568e2ffe">
					<sizeText>164/170-96-104, р. 48</sizeText>
					<ean>2040121499688</ean>
					<prices>
						<price id="2b0660e4-0e60-11e4-80c3-0050568d706a">5999</price>
					</prices>
				</sizeInfo>
			</sizesInfo>
			<addFieldValues>
				<field id="af06737a-94a6-473e-bd57-1cc66378d317">false</field>
				<field id="c0ee2f86-a6e0-4b0a-8791-1d37bd665663">Осень Зима 2023</field>
				<field id="85fe09d6-d9c6-4bc8-a947-e1d8893c7d08">Elis</field>
			</addFieldValues>
			<stateCodes>
				<tnved>6110309900</tnved>
				<okpd2/>
			</stateCodes>
		</item>
		<item uuid="3dec5eb3-63ef-11ed-9ddc-0050568e2ffe">
			<typeItemId>efc7a940-1c50-4e9d-a02d-376c844c3c67</typeItemId>
			<article>ITS0075K6</article>
			<name>Джемпер мужской ITS0075K6 3О4535 Темно-синий</name>
			<fullDescr>Базовая футболка тёмно-синего оттенка с минимамилистичным принтом и вышивкой на левом рукаве. Плотный хлопок идеально держит форму и не деформируется со временем. Свободный крой обеспечивает комфортную посадку. Модель прямого силуэта, с круглой горловиной, обработанной бейкой и коротким втачным рукавом с контрастным кантом. Базовая футболка удачно дополнит городской образ любой сложности.</fullDescr>
			<materialDescr>Хлопок - 100%</materialDescr>
			<vatCode>vc_20</vatCode>
			<color>Темно-синий</color>
			<packingUnit>
				<length>0</length>
				<width>0</width>
				<volume>0</volume>
				<weight>0.215</weight>
			</packingUnit>
			<sizesInfo>
				<sizeInfo size="fa2f063a-85e4-11ed-9ddd-0050568e2ffe">
					<sizeText>182-112-100, р. 56</sizeText>
					<ean>2040121767763</ean>
					<prices>
						<price id="2b0660e4-0e60-11e4-80c3-0050568d706a">3499</price>
					</prices>
				</sizeInfo>
			</sizesInfo>
			<addFieldValues>
				<field id="af06737a-94a6-473e-bd57-1cc66378d317">false</field>
				<field id="c0ee2f86-a6e0-4b0a-8791-1d37bd665663">Осень Зима 2023</field>
				<field id="85fe09d6-d9c6-4bc8-a947-e1d8893c7d08">20line</field>
			</addFieldValues>
			<stateCodes>
				<tnved>6109100000</tnved>
				<okpd2/>
			</stateCodes>
		</item>
		<item uuid="4263ea4b-7139-11ed-9ddd-0050568e2ffe">
			<typeItemId>efc7a940-1c50-4e9d-a02d-376c844c3c67</typeItemId>
			<article>IJM0042VY1</article>
			<name>Джемпер мужской IJM0042VY1 3О4948 Серо-зеленый</name>
			<fullDescr>Вязаный джемпер сдержанного серо-зеленого оттенка. Выполнен из фирменной пряжи на основе хлопка с добавлением овечьей шерсти. Модель прямого силуэта с длинным втачным рукавом, круглой горловиной и комфортным манжетом по низу изделия. Базовый джемпер дополнит как лук в стиле кэжуал, так и нестрогий офисный образ.</fullDescr>
			<materialDescr>Хлопок - 95%, Овечья шерсть - 5%</materialDescr>
			<vatCode>vc_20</vatCode>
			<color>Серо-зеленый</color>
			<packingUnit>
				<length>0</length>
				<width>0</width>
				<volume>0</volume>
				<weight>0.486</weight>
			</packingUnit>
			<sizesInfo>
				<sizeInfo size="d69dbbce-7d3a-11ed-9ddd-0050568e2ffe">
					<sizeText>182-96-84, р. 48</sizeText>
					<ean>2040115711987</ean>
					<ean>2040120291085</ean>
					<prices>
						<price id="2b0660e4-0e60-11e4-80c3-0050568d706a">5999</price>
					</prices>
				</sizeInfo>
			</sizesInfo>
			<addFieldValues>
				<field id="af06737a-94a6-473e-bd57-1cc66378d317">false</field>
				<field id="c0ee2f86-a6e0-4b0a-8791-1d37bd665663">Осень Зима 2023</field>
				<field id="85fe09d6-d9c6-4bc8-a947-e1d8893c7d08">20line</field>
			</addFieldValues>
			<stateCodes>
				<tnved>6110209100</tnved>
				<okpd2/>
			</stateCodes>
		</item>
		<item uuid="d562b6c9-8109-11ed-9ddd-0050568e2ffe">
			<typeItemId>efc7a940-1c50-4e9d-a02d-376c844c3c67</typeItemId>
			<article>IJM0050V</article>
			<name>Джемпер мужской IJM0050V 3О5391 Синий меланж</name>
			<fullDescr>Комфортный вязаный меланжевый джемпер синего цвета. Выполнен из мягкой пряжи с добавлением овечьей шерсти. Модель прямого силуэта, с длинным втачным рукавом с манжетом, манжетом по низу изделия и воротником стойкой в крупный рубчик. Джемпер можно сочетать как с брюками, так и с джинсами или карго.</fullDescr>
			<materialDescr>Акрил - 70%, Овечья шерсть - 30%</materialDescr>
			<vatCode>vc_20</vatCode>
			<color>Синий меланж</color>
			<packingUnit>
				<length>0</length>
				<width>0</width>
				<volume>0</volume>
				<weight>0.386</weight>
			</packingUnit>
			<sizesInfo>
				<sizeInfo size="fa2f0649-85e4-11ed-9ddd-0050568e2ffe">
					<sizeText>182-100-88, р. 50</sizeText>
					<ean>2040121163084</ean>
					<prices>
						<price id="2b0660e4-0e60-11e4-80c3-0050568d706a">5999</price>
					</prices>
				</sizeInfo>
			</sizesInfo>
			<addFieldValues>
				<field id="af06737a-94a6-473e-bd57-1cc66378d317">false</field>
				<field id="c0ee2f86-a6e0-4b0a-8791-1d37bd665663">Осень Зима 2023</field>
				<field id="85fe09d6-d9c6-4bc8-a947-e1d8893c7d08">20line</field>
			</addFieldValues>
			<stateCodes>
				<tnved>6110309100</tnved>
				<okpd2/>
			</stateCodes>
		</item>
		<item uuid="d562b6cd-8109-11ed-9ddd-0050568e2ffe">
			<typeItemId>efc7a940-1c50-4e9d-a02d-376c844c3c67</typeItemId>
			<article>IJM0050V</article>
			<name>Джемпер мужской IJM0050V 3О5392 Светло-серый</name>
			<fullDescr>Вязаный джемпер деликатного светло-серого оттенка. Выполнен из мягкой пряжи с добавлением овечьей шерсти. Модель прямого силуэта, с длинным втачным рукавом с манжетом, манжетом по низу изделия и воротником-стойкой в крупный рубчик. Джемпер можно сочетать как с брюками и чиносами, так и с джинсами и карго.</fullDescr>
			<materialDescr>Акрил - 70%, Овечья шерсть - 30%</materialDescr>
			<vatCode>vc_20</vatCode>
			<color>Светло-серый</color>
			<packingUnit>
				<length>0</length>
				<width>0</width>
				<volume>0</volume>
				<weight>0.386</weight>
			</packingUnit>
			<sizesInfo>
				<sizeInfo size="fa2f0651-85e4-11ed-9ddd-0050568e2ffe">
					<sizeText>182-108-96, р. 54</sizeText>
					<ean>2040121135234</ean>
					<prices>
						<price id="2b0660e4-0e60-11e4-80c3-0050568d706a">5999</price>
					</prices>
				</sizeInfo>
			</sizesInfo>
			<addFieldValues>
				<field id="af06737a-94a6-473e-bd57-1cc66378d317">false</field>
				<field id="c0ee2f86-a6e0-4b0a-8791-1d37bd665663">Осень Зима 2023</field>
				<field id="85fe09d6-d9c6-4bc8-a947-e1d8893c7d08">20line</field>
			</addFieldValues>
			<stateCodes>
				<tnved>6110309100</tnved>
				<okpd2/>
			</stateCodes>
		</item>
		<item uuid="d562b6e1-8109-11ed-9ddd-0050568e2ffe">
			<typeItemId>efc7a940-1c50-4e9d-a02d-376c844c3c67</typeItemId>
			<article>IPD00115S</article>
			<name>Пальто мужское IPD00115S 3О5397 Черный</name>
			<fullDescr>Однобортное пальто базового чёрного цвета с отстёгивающейся манишкой. Плотный материал на основе овечьей шерсти отвечает за поддержание оптимальной температуры. Модель прямого силуэта, с широким отложным воротником с лацканами, длинным втачным рукавом, центральной застёжкой на пуговицы, карманами с клапанами, прорезным карманом в рамку и карманом с листочкой на груди. Стёганая манишка на молнии обеспечивает дополнительную защиту от холода. Лаконичное пальто идеально дополнит деловой или повседневный образ.</fullDescr>
			<materialDescr>Верх:Овечья шерсть - 60%, Полиэстер - 40%.Подкладка:Полиэстер - 55%, Вискоза - 45%.Утеплитель:Полиэстер - 100%</materialDescr>
			<vatCode>vc_20</vatCode>
			<color>Черный</color>
			<packingUnit>
				<length>0</length>
				<width>0</width>
				<volume>0</volume>
				<weight>1.616</weight>
			</packingUnit>
			<sizesInfo>
				<sizeInfo size="ba09bb8d-867b-11ed-9ddd-0050568e2ffe">
					<sizeText>182-100-88, р. 50</sizeText>
					<ean>2040122368891</ean>
					<ean>2040125120786</ean>
					<ean>2040125154798</ean>
					<prices>
						<price id="2b0660e4-0e60-11e4-80c3-0050568d706a">19999</price>
					</prices>
				</sizeInfo>
			</sizesInfo>
			<addFieldValues>
				<field id="af06737a-94a6-473e-bd57-1cc66378d317">true</field>
				<field id="c0ee2f86-a6e0-4b0a-8791-1d37bd665663">Осень Зима 2023</field>
				<field id="85fe09d6-d9c6-4bc8-a947-e1d8893c7d08">20line</field>
			</addFieldValues>
			<stateCodes>
				<tnved>6201200000</tnved>
				<okpd2/>
			</stateCodes>
		</item>
		<item uuid="d562b6e9-8109-11ed-9ddd-0050568e2ffe">
			<typeItemId>efc7a940-1c50-4e9d-a02d-376c844c3c67</typeItemId>
			<article>IPH0017</article>
			<name>Куртка мужская IPH0017 3О5399 Темно-синий</name>
			<fullDescr>Стёганый темно-синий пуховик с капюшоном. Прочный материал надежно защищает от ветра и долго сохраняет безупречный внешний вид. Невесомый утеплитель из натурального пуха отвечает за поддержание комфортной температуры. Модель прямого силуэта, средней длины, с объёмным воротником - стойкой, съёмным капюшоном, втачным двухшовным рукавом, центральной застёжкой на тесьму-молнию и планку с кнопками. Боковые карманы с рамками и листочками на молнии, клапаны можно убрать внутрь кармана, также на подкладке два внутренних кармана с молнией. Тёплый пуховик дополнит любой повседневный образ.</fullDescr>
			<materialDescr>Верх:Полиэстер - 100%.Подкладка:Полиэстер - 100%.Утеплитель:Пух - 80%, Перо - 20%</materialDescr>
			<vatCode>vc_20</vatCode>
			<color>Темно-синий</color>
			<packingUnit>
				<length>0</length>
				<width>0</width>
				<volume>0</volume>
				<weight>1.156</weight>
			</packingUnit>
			<sizesInfo>
				<sizeInfo size="ba09bb9a-867b-11ed-9ddd-0050568e2ffe">
					<sizeText>182-100-88, р. 50</sizeText>
					<ean>2040121236153</ean>
					<ean>2040122665815</ean>
					<ean>2040122703821</ean>
					<ean>2040123129729</ean>
					<prices>
						<price id="2b0660e4-0e60-11e4-80c3-0050568d706a">21999</price>
					</prices>
				</sizeInfo>
				<sizeInfo size="ba09bb9b-867b-11ed-9ddd-0050568e2ffe">
					<sizeText>182-104-92, р. 52</sizeText>
					<ean>2040121236177</ean>
					<ean>2040122665839</ean>
					<ean>2040122703838</ean>
					<ean>2040123475857</ean>
					<prices>
						<price id="2b0660e4-0e60-11e4-80c3-0050568d706a">21999</price>
					</prices>
				</sizeInfo>
			</sizesInfo>
			<addFieldValues>
				<field id="af06737a-94a6-473e-bd57-1cc66378d317">true</field>
				<field id="c0ee2f86-a6e0-4b0a-8791-1d37bd665663">Осень Зима 2023</field>
				<field id="85fe09d6-d9c6-4bc8-a947-e1d8893c7d08">20line</field>
			</addFieldValues>
			<stateCodes>
				<tnved>6201400000</tnved>
				<okpd2/>
			</stateCodes>
		</item>
		<item uuid="7368a45d-810a-11ed-9ddd-0050568e2ffe">
			<typeItemId>efc7a940-1c50-4e9d-a02d-376c844c3c67</typeItemId>
			<article>IPH0017</article>
			<name>Куртка мужская IPH0017 3О5400 Черный</name>
			<fullDescr>Стёганый пуховик универсального чёрного цвета. Прочный материал надежно защищает от ветра и долго сохраняет безупречный внешний вид. Невесомый утеплитель из натурального пуха отвечает за поддержание комфортной температуры. Модель прямого силуэта, средней длины, с объёмным воротником - стойкой, съёмным капюшоном, втачным двухшовным рукавом, центральной застёжкой на тесьму-молнию и планку с кнопками. Боковые карманы с рамками и листочками на молнии, клапаны можно убрать внутрь кармана, также на подкладке два внутренних кармана с молнией. Тёплый пуховик дополнит любой повседневный образ.</fullDescr>
			<materialDescr>Верх:Полиэстер - 100%.Подкладка:Полиэстер - 100%.Утеплитель:Пух - 80%, Перо - 20%</materialDescr>
			<vatCode>vc_20</vatCode>
			<color>Черный</color>
			<packingUnit>
				<length>0</length>
				<width>0</width>
				<volume>0</volume>
				<weight>1.156</weight>
			</packingUnit>
			<sizesInfo>
				<sizeInfo size="ba09bba1-867b-11ed-9ddd-0050568e2ffe">
					<sizeText>182-104-92, р. 52</sizeText>
					<ean>2040121236238</ean>
					<ean>2040122665891</ean>
					<ean>2040122703890</ean>
					<ean>2040123475918</ean>
					<prices>
						<price id="2b0660e4-0e60-11e4-80c3-0050568d706a">21999</price>
					</prices>
				</sizeInfo>
			</sizesInfo>
			<addFieldValues>
				<field id="af06737a-94a6-473e-bd57-1cc66378d317">true</field>
				<field id="c0ee2f86-a6e0-4b0a-8791-1d37bd665663">Осень Зима 2023</field>
				<field id="85fe09d6-d9c6-4bc8-a947-e1d8893c7d08">20line</field>
			</addFieldValues>
			<stateCodes>
				<tnved>6201400000</tnved>
				<okpd2/>
			</stateCodes>
		</item>
		<item uuid="cad440bf-810a-11ed-9ddd-0050568e2ffe">
			<typeItemId>efc7a940-1c50-4e9d-a02d-376c844c3c67</typeItemId>
			<article>IVD0015V</article>
			<name>Свитер мужской IVD0015V 3О5427 Черный</name>
			<fullDescr>Вязаная водолазка базового чёрного цвета. Шерсть мериноса в составе надёжно сохраняет тепло, фирменная эластичная вязка обеспечивает комфортную посадку по фигуре. Модель прямого силуэта, с естественной линией плеча и длинным втачным рукавом. Воротник-стойка с отворотом, манжеты на рукавах и манжет по низу изделия - в мелкий фактурный рубчик. Уютная водолазка дополнит как лук в стиле кэжуал, так и нестрогий деловой образ.</fullDescr>
			<materialDescr>Шерсть мериноса - 50%, Акрил - 50%</materialDescr>
			<vatCode>vc_20</vatCode>
			<color>Черный</color>
			<packingUnit>
				<length>0</length>
				<width>0</width>
				<volume>0</volume>
				<weight>0.33</weight>
			</packingUnit>
			<sizesInfo>
				<sizeInfo size="b1acfd34-85ea-11ed-9ddd-0050568e2ffe">
					<sizeText>182-108-96, р. 54</sizeText>
					<ean>2040121134411</ean>
					<prices>
						<price id="2b0660e4-0e60-11e4-80c3-0050568d706a">6999</price>
					</prices>
				</sizeInfo>
			</sizesInfo>
			<addFieldValues>
				<field id="af06737a-94a6-473e-bd57-1cc66378d317">false</field>
				<field id="c0ee2f86-a6e0-4b0a-8791-1d37bd665663">Осень Зима 2023</field>
				<field id="85fe09d6-d9c6-4bc8-a947-e1d8893c7d08">20line</field>
			</addFieldValues>
			<stateCodes>
				<tnved>6110301000</tnved>
				<okpd2/>
			</stateCodes>
		</item>
		<item uuid="7877c2e5-810e-11ed-9ddd-0050568e2ffe">
			<typeItemId>efc7a940-1c50-4e9d-a02d-376c844c3c67</typeItemId>
			<article>JC0087</article>
			<name>Жакет женский JC0087 3О5460 Серо-бежевый</name>
			<fullDescr>Однобортный жакет с дизайнерским принтом клетка тартан в серо-бежевой гамме. Выполнен из смесовой костюмной ткани премиального качества, плотный материал хорошо держит форму и почти не мнется. Модель прямого силуэта, с отложным воротником с заостренным лацканом, длинным втачным рукавом, центральной застёжкой на пуговицу и карманами с клапанами. Составит однотонный комплект с брюками со стрелками из той же коллекции.</fullDescr>
			<materialDescr>Верх:Полиэстер - 72%, Вискоза - 24%, Эластан - 4%.Подкладка:Полиэстер - 55%, Вискоза - 45%</materialDescr>
			<vatCode>vc_20</vatCode>
			<color>Серо-бежевый</color>
			<packingUnit>
				<length>0</length>
				<width>0</width>
				<volume>0</volume>
				<weight>0.73</weight>
			</packingUnit>
			<sizesInfo>
				<sizeInfo size="3ea72e33-85ee-11ed-9ddd-0050568e2ffe">
					<sizeText>164/170-88-96, р. 44</sizeText>
					<ean>2040122320400</ean>
					<ean>2040122954568</ean>
					<prices>
						<price id="2b0660e4-0e60-11e4-80c3-0050568d706a">13999</price>
					</prices>
				</sizeInfo>
			</sizesInfo>
			<addFieldValues>
				<field id="af06737a-94a6-473e-bd57-1cc66378d317">true</field>
				<field id="c0ee2f86-a6e0-4b0a-8791-1d37bd665663">Осень Зима 2023</field>
				<field id="85fe09d6-d9c6-4bc8-a947-e1d8893c7d08">Elis</field>
			</addFieldValues>
			<stateCodes>
				<tnved>6204339000</tnved>
				<okpd2/>
			</stateCodes>
		</item>
		<item uuid="6ab77d9d-8113-11ed-9ddd-0050568e2ffe">
			<typeItemId>efc7a940-1c50-4e9d-a02d-376c844c3c67</typeItemId>
			<article>TP0029K</article>
			<name>Блузка женская TP0029K 3О5479 Розовый</name>
			<fullDescr>Стильный базовый топ нежно-розового оттенка выполнен из тонкого вязаного трикотажа. Модель удобного полуприлегающего силуэта, без рукавов, с круглым вырезом горловины и декоративным швом спереди. Универсальная модель дополнит как деловой образ, так и лук в стиле смарт кэжуал.</fullDescr>
			<materialDescr>Модал - 89%, Спандекс - 11%</materialDescr>
			<vatCode>vc_20</vatCode>
			<color>Розовый</color>
			<packingUnit>
				<length>0</length>
				<width>0</width>
				<volume>0</volume>
				<weight>0.14</weight>
			</packingUnit>
			<sizesInfo>
				<sizeInfo size="c6a67188-8286-11ed-9ddd-0050568e2ffe">
					<sizeText>164/170-88-96, р. 44</sizeText>
					<ean>2040121602569</ean>
					<ean>2040125122490</ean>
					<ean>2040125156488</ean>
					<prices>
						<price id="2b0660e4-0e60-11e4-80c3-0050568d706a">2999</price>
					</prices>
				</sizeInfo>
				<sizeInfo size="c6a6718a-8286-11ed-9ddd-0050568e2ffe">
					<sizeText>164/170-96-104, р. 48</sizeText>
					<ean>2040121602583</ean>
					<ean>2040125122476</ean>
					<ean>2040125156464</ean>
					<prices>
						<price id="2b0660e4-0e60-11e4-80c3-0050568d706a">2999</price>
					</prices>
				</sizeInfo>
			</sizesInfo>
			<addFieldValues>
				<field id="af06737a-94a6-473e-bd57-1cc66378d317">false</field>
				<field id="c0ee2f86-a6e0-4b0a-8791-1d37bd665663">Осень Зима 2023</field>
				<field id="85fe09d6-d9c6-4bc8-a947-e1d8893c7d08">Elis</field>
			</addFieldValues>
			<stateCodes>
				<tnved>6106200000</tnved>
				<okpd2/>
			</stateCodes>
		</item>
		<item uuid="07a50e6c-8130-11ed-9ddd-0050568e2ffe">
			<typeItemId>efc7a940-1c50-4e9d-a02d-376c844c3c67</typeItemId>
			<article>TS0036KY1</article>
			<name>Блузка женская TS0036KY1 3О5505 Белый</name>
			<fullDescr>Базовая белая футболка. Плотный хлопковый трикотаж отлично держит форму и не препятствует циркуляции воздуха. Модель прямого силуэта, среднего объёма, со спущенной линией плеча, коротким втачным рукавом и круглой горловиной, обработанной бейкой. Лаконичная футболка дополнит повседневный образ любой сложности.</fullDescr>
			<materialDescr>Хлопок - 100%</materialDescr>
			<vatCode>vc_20</vatCode>
			<color>Белый</color>
			<packingUnit>
				<length>0</length>
				<width>0</width>
				<volume>0</volume>
				<weight>0</weight>
			</packingUnit>
			<sizesInfo>
				<sizeInfo size="6f6b4fe1-85ee-11ed-9ddd-0050568e2ffe">
					<sizeText>164/170-96-104, р. 48</sizeText>
					<ean>2040121403272</ean>
					<ean>2040123368043</ean>
					<prices>
						<price id="2b0660e4-0e60-11e4-80c3-0050568d706a">1999</price>
					</prices>
				</sizeInfo>
				<sizeInfo size="6f6b4fe2-85ee-11ed-9ddd-0050568e2ffe">
					<sizeText>164/170-100-108, р. 50</sizeText>
					<ean>2040121403289</ean>
					<ean>2040121600077</ean>
					<ean>2040123446437</ean>
					<prices>
						<price id="2b0660e4-0e60-11e4-80c3-0050568d706a">1999</price>
					</prices>
				</sizeInfo>
			</sizesInfo>
			<addFieldValues>
				<field id="af06737a-94a6-473e-bd57-1cc66378d317">false</field>
				<field id="c0ee2f86-a6e0-4b0a-8791-1d37bd665663">Осень Зима 2023</field>
				<field id="85fe09d6-d9c6-4bc8-a947-e1d8893c7d08">Elis</field>
			</addFieldValues>
			<stateCodes>
				<tnved>6109100000</tnved>
				<okpd2/>
			</stateCodes>
		</item>
		<item uuid="85763268-8130-11ed-9ddd-0050568e2ffe">
			<typeItemId>efc7a940-1c50-4e9d-a02d-376c844c3c67</typeItemId>
			<article>DR0628K</article>
			<name>Платье женское DR0628K 3О5512 Бежевый</name>
			<fullDescr>Комфортное меланжевое платье тёплого песочного оттенка. Плотный вискозный трикотаж тёплый и хорошо держит форму. Модель прямого силуэта, со спущенной линией плеча, широким втачным рукавом и воротником стойкой. В комплекте пояс из той же ткани. Свободный крой обеспечивает удобную посадку на любой тип фигуры. Повседневное платье удачно впишется в базовый гардероб.</fullDescr>
			<materialDescr>Вискоза - 42%, Полиэстер - 39%, Нейлон - 19%</materialDescr>
			<vatCode>vc_20</vatCode>
			<color>Бежевый</color>
			<packingUnit>
				<length>0</length>
				<width>0</width>
				<volume>0</volume>
				<weight>0.64</weight>
			</packingUnit>
			<sizesInfo>
				<sizeInfo size="a38e16b9-867b-11ed-9ddd-0050568e2ffe">
					<sizeText>170-108-116, р. 54</sizeText>
					<ean>2040122096268</ean>
					<ean>2040122673315</ean>
					<prices>
						<price id="2b0660e4-0e60-11e4-80c3-0050568d706a">7999</price>
					</prices>
				</sizeInfo>
			</sizesInfo>
			<addFieldValues>
				<field id="af06737a-94a6-473e-bd57-1cc66378d317">false</field>
				<field id="c0ee2f86-a6e0-4b0a-8791-1d37bd665663">Осень Зима 2023</field>
				<field id="85fe09d6-d9c6-4bc8-a947-e1d8893c7d08">Lalis</field>
			</addFieldValues>
			<stateCodes>
				<tnved>6104430000</tnved>
				<okpd2/>
			</stateCodes>
		</item>
		<item uuid="b2f0d953-8135-11ed-9ddd-0050568e2ffe">
			<typeItemId>efc7a940-1c50-4e9d-a02d-376c844c3c67</typeItemId>
			<article>IPO0042V5Y1</article>
			<name>Джемпер мужской IPO0042V5Y1 3О5546 Голубой</name>
			<fullDescr>Лаконичное вязаное поло голубого оттенка. Выполнено из мягкой хлопковой пряжи с добавлением тёплой овечьей шерсти. Особое переплетение нитей формирует гладкое эластичное полотно. Модель прямого силуэта, с длинным втачным рукавом с манжетом, трикотажной резинкой по низу изделия, отложным воротником и застёжкой на тесьму-молнию до линии груди. Комфортное поло дополнит как лук в стиле кэжуал, так и нестрогий офисный образ.</fullDescr>
			<materialDescr>Хлопок - 70%, Овечья шерсть - 30%</materialDescr>
			<vatCode>vc_20</vatCode>
			<color>Голубой</color>
			<packingUnit>
				<length>0</length>
				<width>0</width>
				<volume>0</volume>
				<weight>0</weight>
			</packingUnit>
			<sizesInfo>
				<sizeInfo size="760c32f0-85e6-11ed-9ddd-0050568e2ffe">
					<sizeText>182-104-92, р. 52</sizeText>
					<ean>2040120135266</ean>
					<ean>2040121402336</ean>
					<prices>
						<price id="2b0660e4-0e60-11e4-80c3-0050568d706a">6999</price>
					</prices>
				</sizeInfo>
			</sizesInfo>
			<addFieldValues>
				<field id="af06737a-94a6-473e-bd57-1cc66378d317">false</field>
				<field id="c0ee2f86-a6e0-4b0a-8791-1d37bd665663">Осень Зима 2023</field>
				<field id="85fe09d6-d9c6-4bc8-a947-e1d8893c7d08">20line</field>
			</addFieldValues>
			<stateCodes>
				<tnved>6110909000</tnved>
				<okpd2/>
			</stateCodes>
		</item>
		<item uuid="b2f0d977-8135-11ed-9ddd-0050568e2ffe">
			<typeItemId>efc7a940-1c50-4e9d-a02d-376c844c3c67</typeItemId>
			<article>IDJ0034Y1</article>
			<name>Брюки мужские IDJ0034Y1 3О5555 Коричневый</name>
			<fullDescr>Джинсы "5 карманов" практичного коричневого цвета. Фирменный деним на основе хлопка с добавлением эластичных волокон обеспечивает комфортную посадку. Модель прямого силуэта, с притачным поясом со шлёвками под ремень, боковыми карманами и часовым карманом спереди, и накладными американскими сзади. Образ можно завершить базовой футболкой или вязаным трикотажем.</fullDescr>
			<materialDescr>Хлопок - 99%, Эластан - 1%</materialDescr>
			<vatCode>vc_20</vatCode>
			<color>Коричневый</color>
			<packingUnit>
				<length>0</length>
				<width>0</width>
				<volume>0</volume>
				<weight>0</weight>
			</packingUnit>
			<sizesInfo>
				<sizeInfo size="744f05c5-85ea-11ed-9ddd-0050568e2ffe">
					<sizeText>182-96-84, р. 48</sizeText>
					<ean>2040120133774</ean>
					<ean>2040123386030</ean>
					<prices>
						<price id="2b0660e4-0e60-11e4-80c3-0050568d706a">6999</price>
					</prices>
				</sizeInfo>
				<sizeInfo size="744f05c6-85ea-11ed-9ddd-0050568e2ffe">
					<sizeText>182-100-88, р. 50</sizeText>
					<ean>2040120133781</ean>
					<ean>2040123386047</ean>
					<prices>
						<price id="2b0660e4-0e60-11e4-80c3-0050568d706a">6999</price>
					</prices>
				</sizeInfo>
			</sizesInfo>
			<addFieldValues>
				<field id="af06737a-94a6-473e-bd57-1cc66378d317">false</field>
				<field id="c0ee2f86-a6e0-4b0a-8791-1d37bd665663">Осень Зима 2023</field>
				<field id="85fe09d6-d9c6-4bc8-a947-e1d8893c7d08">20line</field>
			</addFieldValues>
			<stateCodes>
				<tnved>6203423100</tnved>
				<okpd2/>
			</stateCodes>
		</item>
		<item uuid="649ce6d7-8138-11ed-9ddd-0050568e2ffe">
			<typeItemId>efc7a940-1c50-4e9d-a02d-376c844c3c67</typeItemId>
			<article>IBS0020VY1</article>
			<name>Джемпер мужской IBS0020VY1 3О5556 Зеленый</name>
			<fullDescr>Вязаное худи стильного пыльно-зелёного оттенка. Плотная фирменная вязка придаёт лёгкую эластичность, натуральная овечья шерсть в составе надёжно сохраняет тепло. Модель прямого силуэта, с накладным карманом спереди, длинным втачным рукавом с манжетом и манжетом по низу изделия в крупный рубчик. Худи в стиле кэжуал можно сочетать как с чиносами, так и с джинсами или брюками карго.</fullDescr>
			<materialDescr>Хлопок - 70%, Овечья шерсть - 30%</materialDescr>
			<vatCode>vc_20</vatCode>
			<color>Зеленый</color>
			<packingUnit>
				<length>0</length>
				<width>0</width>
				<volume>0</volume>
				<weight>0</weight>
			</packingUnit>
			<sizesInfo>
				<sizeInfo size="b1acfd40-85ea-11ed-9ddd-0050568e2ffe">
					<sizeText>182-108-96, р. 54</sizeText>
					<ean>2040119047488</ean>
					<ean>2040123052812</ean>
					<prices>
						<price id="2b0660e4-0e60-11e4-80c3-0050568d706a">6999</price>
					</prices>
				</sizeInfo>
			</sizesInfo>
			<addFieldValues>
				<field id="af06737a-94a6-473e-bd57-1cc66378d317">false</field>
				<field id="c0ee2f86-a6e0-4b0a-8791-1d37bd665663">Осень Зима 2023</field>
				<field id="85fe09d6-d9c6-4bc8-a947-e1d8893c7d08">20line</field>
			</addFieldValues>
			<stateCodes>
				<tnved>6110209100</tnved>
				<okpd2/>
			</stateCodes>
		</item>
		<item uuid="b9bed738-8678-11ed-9ddd-0050568e2ffe">
			<typeItemId>efc7a940-1c50-4e9d-a02d-376c844c3c67</typeItemId>
			<article>PH0052BY1</article>
			<name>Куртка женская PH0052BY1 3О5617 Черный</name>
			<fullDescr>Актуальный черный укороченный пуховикс фирменной горизонтальной стёжкой. Крупные камеры равномерно заполнены биопухом, который не утяжеляет куртку. Модель прямого силуэта, среднего объёма, с центральной застёжкой на двухзамковую молнию, воротником стойкой, капюшоном с кулиской, и втачным одношовным рукавом. Длина изделия ниже уровня бедер. Лаконичный пуховик дополнит повседневный или спортивный образ.</fullDescr>
			<materialDescr>Верх:Полиэстер - 100%.Подкладка:Полиэстер - 100%.Утеплитель:Полиэстер - 100%</materialDescr>
			<vatCode>vc_20</vatCode>
			<color>Черный</color>
			<packingUnit>
				<length>0</length>
				<width>0</width>
				<volume>0</volume>
				<weight>0</weight>
			</packingUnit>
			<sizesInfo>
				<sizeInfo size="37ad2aee-934a-11ed-9ddd-0050568e2ffe">
					<sizeText>164/170-84-92, р. 42</sizeText>
					<ean>2040121586241</ean>
					<ean>2040122646685</ean>
					<ean>2040124653711</ean>
					<ean>2040124770388</ean>
					<prices>
						<price id="2b0660e4-0e60-11e4-80c3-0050568d706a">11999</price>
					</prices>
				</sizeInfo>
				<sizeInfo size="37ad2aef-934a-11ed-9ddd-0050568e2ffe">
					<sizeText>164/170-88-96, р. 44</sizeText>
					<ean>2040121586258</ean>
					<ean>2040122646692</ean>
					<ean>2040124653728</ean>
					<ean>2040124770395</ean>
					<prices>
						<price id="2b0660e4-0e60-11e4-80c3-0050568d706a">11999</price>
					</prices>
				</sizeInfo>
				<sizeInfo size="37ad2af0-934a-11ed-9ddd-0050568e2ffe">
					<sizeText>164/170-92-100, р. 46</sizeText>
					<ean>2040120285381</ean>
					<ean>2040122646661</ean>
					<ean>2040123354657</ean>
					<ean>2040124777318</ean>
					<prices>
						<price id="2b0660e4-0e60-11e4-80c3-0050568d706a">11999</price>
					</prices>
				</sizeInfo>
				<sizeInfo size="37ad2af1-934a-11ed-9ddd-0050568e2ffe">
					<sizeText>164/170-96-104, р. 48</sizeText>
					<ean>2040121586265</ean>
					<ean>2040122646708</ean>
					<ean>2040124653735</ean>
					<ean>2040124770371</ean>
					<prices>
						<price id="2b0660e4-0e60-11e4-80c3-0050568d706a">11999</price>
					</prices>
				</sizeInfo>
			</sizesInfo>
			<addFieldValues>
				<field id="af06737a-94a6-473e-bd57-1cc66378d317">false</field>
				<field id="c0ee2f86-a6e0-4b0a-8791-1d37bd665663">Осень Зима 2023</field>
				<field id="85fe09d6-d9c6-4bc8-a947-e1d8893c7d08">Elis</field>
			</addFieldValues>
			<stateCodes>
				<tnved>6202400001</tnved>
				<okpd2/>
			</stateCodes>
		</item>
		<item uuid="610c7af8-b8c3-11ed-9ddd-0050568e2ffe">
			<typeItemId>efc7a940-1c50-4e9d-a02d-376c844c3c67</typeItemId>
			<article>DR0638</article>
			<name>Платье женское DR0638 3З6504 Коричневый</name>
			<fullDescr>Стильное платье глубокого оттенка темного шоколада длиной чуть выше колена. Безупречную посадку и комфорт в ношении обеспечивает ткань, изготовленная из гладкой поливискозы с добавлением эластичных волокон. Дополненное поясом, подчеркивающим линию талии, а также отложным воротником с элегантной застёжкой-молнией, платье идеально подходит как для особых случаев, так и для повседневной жизни.</fullDescr>
			<materialDescr>Полиэстер - 62%, Вискоза - 34%, Эластан - 4%</materialDescr>
			<vatCode>vc_20</vatCode>
			<color>Коричневый</color>
			<packingUnit>
				<length>0</length>
				<width>0</width>
				<volume>0</volume>
				<weight>0.48</weight>
			</packingUnit>
			<sizesInfo>
				<sizeInfo size="c671f528-c3d0-11ed-9dde-0050568e2ffe">
					<sizeText>164/170-92-100, р. 46</sizeText>
					<ean>2040120517611</ean>
					<ean>2040123038540</ean>
					<ean>2040123303792</ean>
					<prices>
						<price id="2b0660e4-0e60-11e4-80c3-0050568d706a">8999</price>
					</prices>
				</sizeInfo>
			</sizesInfo>
			<addFieldValues>
				<field id="af06737a-94a6-473e-bd57-1cc66378d317">false</field>
				<field id="c0ee2f86-a6e0-4b0a-8791-1d37bd665663">Осень Зима 2023</field>
				<field id="85fe09d6-d9c6-4bc8-a947-e1d8893c7d08">Elis</field>
			</addFieldValues>
			<stateCodes>
				<tnved>6204430000</tnved>
				<okpd2/>
			</stateCodes>
		</item>
		<item uuid="b547d70e-b8c3-11ed-9ddd-0050568e2ffe">
			<typeItemId>efc7a940-1c50-4e9d-a02d-376c844c3c67</typeItemId>
			<article>IJM0048VY1</article>
			<name>Джемпер мужской IJM0048VY1 3З6739 Светло-коричневый</name>
			<fullDescr>Стильный мужской джемпер с высоким воротником на молнии. 
Выполнен из натуральной овечьей шерсти гладкой вязки со вставками крупного фактурного плетения на линии плеч. Чтобы придать изделию утепление, к хлопковой пряже была добавлена натуральная овечья шерсть. А для увеличения износостойкости – волокна нейлона.
Стойка с молнией защищает от холода и визуально удлиняет шею.
Для более сложного образа и дополнительного тепла, джемпер можно сочетать с рубашками или базовыми футболками из нашей коллекции.</fullDescr>
			<materialDescr>Хлопок - 50%, Нейлон - 30%, Овечья шерсть - 20%</materialDescr>
			<vatCode>vc_20</vatCode>
			<color>Светло-коричневый</color>
			<packingUnit>
				<length>0</length>
				<width>0</width>
				<volume>0</volume>
				<weight>0.36</weight>
			</packingUnit>
			<sizesInfo>
				<sizeInfo size="763e153d-c3ee-11ed-9dde-0050568e2ffe">
					<sizeText>182-104-92, р. 52</sizeText>
					<ean>2040121766612</ean>
					<ean>2040122096329</ean>
					<prices>
						<price id="2b0660e4-0e60-11e4-80c3-0050568d706a">6999</price>
					</prices>
				</sizeInfo>
				<sizeInfo size="763e153e-c3ee-11ed-9dde-0050568e2ffe">
					<sizeText>182-108-96, р. 54</sizeText>
					<ean>2040121766629</ean>
					<ean>2040123524982</ean>
					<prices>
						<price id="2b0660e4-0e60-11e4-80c3-0050568d706a">6999</price>
					</prices>
				</sizeInfo>
			</sizesInfo>
			<addFieldValues>
				<field id="af06737a-94a6-473e-bd57-1cc66378d317">false</field>
				<field id="c0ee2f86-a6e0-4b0a-8791-1d37bd665663">Осень Зима 2023</field>
				<field id="85fe09d6-d9c6-4bc8-a947-e1d8893c7d08">20line</field>
			</addFieldValues>
			<stateCodes>
				<tnved>6110209100</tnved>
				<okpd2/>
			</stateCodes>
		</item>
		<item uuid="e4e9d4b6-b8c6-11ed-9ddd-0050568e2ffe">
			<typeItemId>efc7a940-1c50-4e9d-a02d-376c844c3c67</typeItemId>
			<article>SK0387K</article>
			<name>Юбка женская SK0387K 3З6641 Капучино</name>
			<fullDescr>Фактурная юбка в изысканном оттенке капучино станет отличным вариантом для создания стильного однотонного образа в сочетании с блузой из того же материала. Выполнена модель из рельефного трикотажа с ромбовидным узором, достаточно плотный материал хорошо держит форму. Прямой крой длиной до колена дополнен вытачками по талии, шлицей и застежкой сзади на металлическую молнию.</fullDescr>
			<materialDescr>Полиэстер - 96%, Спандекс - 4%</materialDescr>
			<vatCode>vc_20</vatCode>
			<color>Капучино</color>
			<packingUnit>
				<length>0</length>
				<width>0</width>
				<volume>0</volume>
				<weight>0.256</weight>
			</packingUnit>
			<sizesInfo>
				<sizeInfo size="a636ede2-c3e5-11ed-9dde-0050568e2ffe">
					<sizeText>170-92-100, р. 46</sizeText>
					<ean>2040123563578</ean>
					<prices>
						<price id="2b0660e4-0e60-11e4-80c3-0050568d706a">3999</price>
					</prices>
				</sizeInfo>
			</sizesInfo>
			<addFieldValues>
				<field id="af06737a-94a6-473e-bd57-1cc66378d317">false</field>
				<field id="c0ee2f86-a6e0-4b0a-8791-1d37bd665663">Осень Зима 2023</field>
				<field id="85fe09d6-d9c6-4bc8-a947-e1d8893c7d08">Lalis</field>
			</addFieldValues>
			<stateCodes>
				<tnved>6104530000</tnved>
				<okpd2/>
			</stateCodes>
		</item>
		<item uuid="48c39dc5-b8c7-11ed-9ddd-0050568e2ffe">
			<typeItemId>efc7a940-1c50-4e9d-a02d-376c844c3c67</typeItemId>
			<article>TR0367K</article>
			<name>Брюки женские TR0367K 3З6656 Темно-серый</name>
			<fullDescr>Зауженные брюки средней посадки с мелким клетчатым узором темно-серого цвета – стильная база для офиса, деловых встреч и просто для жизни. Заутюженные стрелки визуально вытягивают силуэт, а пояс со шлевками под ремень и резинка по спинке обеспечат комфортную посадку на талии. Выполнена модель из плотного костюмного трикотажа, гладкий и эластичный материал обеспечивает максимальный комфорт и не деформируется со временем.</fullDescr>
			<materialDescr>Полиэстер - 70%, Вискоза - 26%, Спандекс - 4%</materialDescr>
			<vatCode>vc_20</vatCode>
			<color>Темно-серый</color>
			<packingUnit>
				<length>0</length>
				<width>0</width>
				<volume>0</volume>
				<weight>0.552</weight>
			</packingUnit>
			<sizesInfo>
				<sizeInfo size="f8a2bc24-b98c-11ed-9ddd-0050568e2ffe">
					<sizeText>170-100-108, р. 50</sizeText>
					<ean>2040120133019</ean>
					<ean>2040123132644</ean>
					<prices>
						<price id="2b0660e4-0e60-11e4-80c3-0050568d706a">7999</price>
					</prices>
				</sizeInfo>
			</sizesInfo>
			<addFieldValues>
				<field id="af06737a-94a6-473e-bd57-1cc66378d317">false</field>
				<field id="c0ee2f86-a6e0-4b0a-8791-1d37bd665663">Осень Зима 2023</field>
				<field id="85fe09d6-d9c6-4bc8-a947-e1d8893c7d08">Lalis</field>
			</addFieldValues>
			<stateCodes>
				<tnved>6104630000</tnved>
				<okpd2/>
			</stateCodes>
		</item>
		<item uuid="a7c1a86c-b8c8-11ed-9ddd-0050568e2ffe">
			<typeItemId>efc7a940-1c50-4e9d-a02d-376c844c3c67</typeItemId>
			<article>ILB0012K</article>
			<name>Куртка мужская ILB0012K 3З6680 Темно-серый</name>
			<fullDescr>Мягкая трикотажная куртка-бомбер на молнии из плотного футера с флисовой изнанкой может стать заменой ветровки в переменчивую погоду, а в сочетании с брюками-джоггерами из нашей коллекции создаст полноценный спортивный костюм. Материал с переплетением хлопковых и синтетических волокон прост в уходе и очень приятен в носке. Регулируемый кулиской со шнурком глубокий капюшон защищает шею и голову от ветра, а эластичные манжеты и пояс помогают сохранить тепло внутри. Особый комфорт придают глубокие карманы спереди, вместительные и теплые.</fullDescr>
			<materialDescr>Верх:Полиэстер - 62%, Хлопок - 38%.Подкладка:Хлопок - 100%</materialDescr>
			<vatCode>vc_20</vatCode>
			<color>Темно-серый</color>
			<packingUnit>
				<length>0</length>
				<width>0</width>
				<volume>0</volume>
				<weight>0.677</weight>
			</packingUnit>
			<sizesInfo>
				<sizeInfo size="a837e3f5-c3f5-11ed-9dde-0050568e2ffe">
					<sizeText>182-108-96, р. 54</sizeText>
					<ean>2040123200749</ean>
					<prices>
						<price id="2b0660e4-0e60-11e4-80c3-0050568d706a">8999</price>
					</prices>
				</sizeInfo>
			</sizesInfo>
			<addFieldValues>
				<field id="af06737a-94a6-473e-bd57-1cc66378d317">false</field>
				<field id="c0ee2f86-a6e0-4b0a-8791-1d37bd665663">Осень Зима 2023</field>
				<field id="85fe09d6-d9c6-4bc8-a947-e1d8893c7d08">20line</field>
			</addFieldValues>
			<stateCodes>
				<tnved>6110309100</tnved>
				<okpd2/>
			</stateCodes>
		</item>
		<item uuid="a7c1a874-b8c8-11ed-9ddd-0050568e2ffe">
			<typeItemId>efc7a940-1c50-4e9d-a02d-376c844c3c67</typeItemId>
			<article>IPH0028B</article>
			<name>Куртка мужская IPH0028B 3З6682 Темно-синий</name>
			<fullDescr>Стеганный удлиненный пуховик темно-синего цвета в прямом силуэте из прочного и износостойкого материала.
Утеплитель - биопух - технологичный материал, который не уступает по своим свойствам натуральному.
Дополнительную защиту от ветра и влаги обеспечивает: втачной капюшон, который регулируется по голове. 
Изделие имеет два вместительных боковых кармана и один объемный накладной на рукаве.
Такая куртка в минималистичном стиле понравится мужчинам, которые ценят качество и комфорт превыше всего.</fullDescr>
			<materialDescr>Верх:Полиэстер - 100%.Подкладка:Полиэстер - 100%.Утеплитель:Полиэстер - 100%</materialDescr>
			<vatCode>vc_20</vatCode>
			<color>Темно-синий</color>
			<packingUnit>
				<length>0</length>
				<width>0</width>
				<volume>0</volume>
				<weight>1.2</weight>
			</packingUnit>
			<sizesInfo>
				<sizeInfo size="337b3919-c3e3-11ed-9dde-0050568e2ffe">
					<sizeText>182-96-84, р. 48</sizeText>
					<ean>2040123202903</ean>
					<prices>
						<price id="2b0660e4-0e60-11e4-80c3-0050568d706a">27999</price>
					</prices>
				</sizeInfo>
				<sizeInfo size="337b391b-c3e3-11ed-9dde-0050568e2ffe">
					<sizeText>182-104-92, р. 52</sizeText>
					<ean>2040123202873</ean>
					<prices>
						<price id="2b0660e4-0e60-11e4-80c3-0050568d706a">27999</price>
					</prices>
				</sizeInfo>
				<sizeInfo size="337b391c-c3e3-11ed-9dde-0050568e2ffe">
					<sizeText>182-108-96, р. 54</sizeText>
					<ean>2040123202880</ean>
					<prices>
						<price id="2b0660e4-0e60-11e4-80c3-0050568d706a">27999</price>
					</prices>
				</sizeInfo>
			</sizesInfo>
			<addFieldValues>
				<field id="af06737a-94a6-473e-bd57-1cc66378d317">true</field>
				<field id="c0ee2f86-a6e0-4b0a-8791-1d37bd665663">Осень Зима 2023</field>
				<field id="85fe09d6-d9c6-4bc8-a947-e1d8893c7d08">20line</field>
			</addFieldValues>
			<stateCodes>
				<tnved>6201400000</tnved>
				<okpd2/>
			</stateCodes>
		</item>
		<item uuid="a7c1a878-b8c8-11ed-9ddd-0050568e2ffe">
			<typeItemId>efc7a940-1c50-4e9d-a02d-376c844c3c67</typeItemId>
			<article>IPO0040V5</article>
			<name>Джемпер мужской IPO0040V5 3З6683 Зеленый</name>
			<fullDescr>Мягкое и легкое поло полуприлегающего силуэта с длинным рукавом. Изготовлено из французской хлопковой пряжи, которая хорошо пропускает воздух, позволяя коже дышать и не перегреваться. Фактурное переплетение и горловина с отложным воротником и короткой молнией, заменившей пуговицы на планке – особенность данного дизайна. Пояс по низу изделия, манжеты и воротник вывязаны мягкой резинкой, которая дополняет этот комфортный образ.</fullDescr>
			<materialDescr>Вискоза - 72%, Полиэстер - 28%</materialDescr>
			<vatCode>vc_20</vatCode>
			<color>Зеленый</color>
			<packingUnit>
				<length>0</length>
				<width>0</width>
				<volume>0</volume>
				<weight>0.339</weight>
			</packingUnit>
			<sizesInfo>
				<sizeInfo size="a837e3fa-c3f5-11ed-9dde-0050568e2ffe">
					<sizeText>182-104-92, р. 52</sizeText>
					<ean>2040123130367</ean>
					<prices>
						<price id="2b0660e4-0e60-11e4-80c3-0050568d706a">8999</price>
					</prices>
				</sizeInfo>
			</sizesInfo>
			<addFieldValues>
				<field id="af06737a-94a6-473e-bd57-1cc66378d317">false</field>
				<field id="c0ee2f86-a6e0-4b0a-8791-1d37bd665663">Осень Зима 2023</field>
				<field id="85fe09d6-d9c6-4bc8-a947-e1d8893c7d08">20line</field>
			</addFieldValues>
			<stateCodes>
				<tnved>6110301000</tnved>
				<okpd2/>
			</stateCodes>
		</item>
		<item uuid="28f6ac8d-b8c9-11ed-9ddd-0050568e2ffe">
			<typeItemId>efc7a940-1c50-4e9d-a02d-376c844c3c67</typeItemId>
			<article>IPO0041K6</article>
			<name>Джемпер мужской IPO0041K6 3З6686 Экрю</name>
			<fullDescr>Комфортное трикотажное поло с длинным рукавом и отложным воротником оттенка экрю с миниатюрной брендированной вышивкой контрастного цвета. 
Адаптируется под любой тип фигуры за счет эластичных волокон в составе.
Его лаконичный дизайн с легким рельефом позволяет носить поло как самостоятельное изделие, так и быть элементом многослойного образа.</fullDescr>
			<materialDescr>Хлопок - 97%, Спандекс - 3%</materialDescr>
			<vatCode>vc_20</vatCode>
			<color>Экрю</color>
			<packingUnit>
				<length>0</length>
				<width>0</width>
				<volume>0</volume>
				<weight>0.371</weight>
			</packingUnit>
			<sizesInfo>
				<sizeInfo size="763e1543-c3ee-11ed-9dde-0050568e2ffe">
					<sizeText>182-104-92, р. 52</sizeText>
					<ean>2040123050627</ean>
					<prices>
						<price id="2b0660e4-0e60-11e4-80c3-0050568d706a">5999</price>
					</prices>
				</sizeInfo>
			</sizesInfo>
			<addFieldValues>
				<field id="af06737a-94a6-473e-bd57-1cc66378d317">false</field>
				<field id="c0ee2f86-a6e0-4b0a-8791-1d37bd665663">Осень Зима 2023</field>
				<field id="85fe09d6-d9c6-4bc8-a947-e1d8893c7d08">20line</field>
			</addFieldValues>
			<stateCodes>
				<tnved>6110201000</tnved>
				<okpd2/>
			</stateCodes>
		</item>
		<item uuid="28f6acb1-b8c9-11ed-9ddd-0050568e2ffe">
			<typeItemId>efc7a940-1c50-4e9d-a02d-376c844c3c67</typeItemId>
			<article>IRU00837</article>
			<name>Сорочка верхняя мужская IRU00837 3З6695 Серо-синий</name>
			<fullDescr>Фланелевая рубашка в крупную клетку – практичная и нужная вещь в гардеробе, которая поможет освежить образ с футболкой и брюками или джинсами. Модель, изготовленная из мягкой и достаточно плотной ткани на основе натурального 100% хлопка, обладает хорошей износоустойчивостью и поддерживает оптимальную температуру. Свободный крой подойдет для любого типа фигуры. Карман на груди и темные пуговицы в тон визуально дополняют образ. Можно носить как самостоятельный предмет гардероба, а можно как второй слой с футболкой или водолазкой из нашей коллекции.</fullDescr>
			<materialDescr>Хлопок - 100%</materialDescr>
			<vatCode>vc_20</vatCode>
			<color>Серо-синий</color>
			<packingUnit>
				<length>0</length>
				<width>0</width>
				<volume>0</volume>
				<weight>0.296</weight>
			</packingUnit>
			<sizesInfo>
				<sizeInfo size="b44eabb0-c3f5-11ed-9dde-0050568e2ffe">
					<sizeText>182-96-40, р. 48</sizeText>
					<ean>2040123141660</ean>
					<prices>
						<price id="2b0660e4-0e60-11e4-80c3-0050568d706a">5999</price>
					</prices>
				</sizeInfo>
			</sizesInfo>
			<addFieldValues>
				<field id="af06737a-94a6-473e-bd57-1cc66378d317">false</field>
				<field id="c0ee2f86-a6e0-4b0a-8791-1d37bd665663">Осень Зима 2023</field>
				<field id="85fe09d6-d9c6-4bc8-a947-e1d8893c7d08">20line</field>
			</addFieldValues>
			<stateCodes>
				<tnved>6205200000</tnved>
				<okpd2/>
			</stateCodes>
		</item>
		<item uuid="8b236a42-b8c9-11ed-9ddd-0050568e2ffe">
			<typeItemId>efc7a940-1c50-4e9d-a02d-376c844c3c67</typeItemId>
			<article>ISW0028VR</article>
			<name>Свитер мужской ISW0028VR 3З6702 Серо-коричневый</name>
			<fullDescr>Деликатный вязаный джемпер серо-коричневого оттенка переплетения кулирная гладь. В меланжевую пряжу добавлена тонкорунная шерсть мериноса и волокна натурального шёлка, невесомый и мягкий материал надёжно сохраняет тепло. Модель полуприлегающего силуэта, среднего объёма, с длинным втачным рукавом. Круглая горловина, низ изделия и манжеты в фактурный рубчик. Джемпер можно сочетать с рубашкой, футболкой или носить самостоятельно.</fullDescr>
			<materialDescr>Акрил - 45%, Шерсть мериноса - 37%, Натур. шелк - 18%</materialDescr>
			<vatCode>vc_20</vatCode>
			<color>Серо-коричневый</color>
			<packingUnit>
				<length>0</length>
				<width>0</width>
				<volume>0</volume>
				<weight>0.365</weight>
			</packingUnit>
			<sizesInfo>
				<sizeInfo size="763e1528-c3ee-11ed-9dde-0050568e2ffe">
					<sizeText>182-100-88, р. 50</sizeText>
					<ean>2040122093182</ean>
					<prices>
						<price id="2b0660e4-0e60-11e4-80c3-0050568d706a">7999</price>
					</prices>
				</sizeInfo>
			</sizesInfo>
			<addFieldValues>
				<field id="af06737a-94a6-473e-bd57-1cc66378d317">false</field>
				<field id="c0ee2f86-a6e0-4b0a-8791-1d37bd665663">Осень Зима 2023</field>
				<field id="85fe09d6-d9c6-4bc8-a947-e1d8893c7d08">20line</field>
			</addFieldValues>
			<stateCodes>
				<tnved>6110309100</tnved>
				<okpd2/>
			</stateCodes>
		</item>
		<item uuid="8b236a4a-b8c9-11ed-9ddd-0050568e2ffe">
			<typeItemId>efc7a940-1c50-4e9d-a02d-376c844c3c67</typeItemId>
			<article>ISW0030VY1</article>
			<name>Свитер мужской ISW0030VY1 3З6704 Молочный</name>
			<fullDescr>Фактурный свитер крупной вязки с жаккардовым переплетением, формирующим полосатый узор. Пряжа на основе натуральной мягкой овечьей шерсти и дышащего хлопка сохраняет оптимальную для тела температуру и хорошо держит форму. Модель прямого силуэта, с круглой горловиной, чуть спущенной линией плеча и длинным втачным рукавом – каждая деталь создана для хорошей посадки и вашего комфорта. Тёплый свитер удачно впишется в повседневный гардероб в сочетании с брюками из нашей коллекции.</fullDescr>
			<materialDescr>Овечья шерсть - 50%, Хлопок - 50%</materialDescr>
			<vatCode>vc_20</vatCode>
			<color>Молочный</color>
			<packingUnit>
				<length>0</length>
				<width>0</width>
				<volume>0</volume>
				<weight>0.703</weight>
			</packingUnit>
			<sizesInfo>
				<sizeInfo size="54403939-c3f2-11ed-9dde-0050568e2ffe">
					<sizeText>182-104-92, р. 52</sizeText>
					<ean>2040121706366</ean>
					<ean>2040122524853</ean>
					<ean>2040125082732</ean>
					<ean>2040125165879</ean>
					<prices>
						<price id="2b0660e4-0e60-11e4-80c3-0050568d706a">9999</price>
					</prices>
				</sizeInfo>
			</sizesInfo>
			<addFieldValues>
				<field id="af06737a-94a6-473e-bd57-1cc66378d317">false</field>
				<field id="c0ee2f86-a6e0-4b0a-8791-1d37bd665663">Осень Зима 2023</field>
				<field id="85fe09d6-d9c6-4bc8-a947-e1d8893c7d08">20line</field>
			</addFieldValues>
			<stateCodes>
				<tnved>6110201000</tnved>
				<okpd2/>
			</stateCodes>
		</item>
		<item uuid="e46f7429-b8c9-11ed-9ddd-0050568e2ffe">
			<typeItemId>efc7a940-1c50-4e9d-a02d-376c844c3c67</typeItemId>
			<article>ITR0125</article>
			<name>Брюки мужские ITR0125 3З6718 Черный</name>
			<fullDescr>Базовые чёрные брюки с заутюженными стрелками. Выполнены из гладкой костюмной поливискозы. Для придания особого тепла в состав добавлена натуральная овечья шерсть. Модель прямого силуэта, на вискозной подкладке, полной длины, с притачным поясом на резинке, со шлёвками под ремень и французскими карманами. Свободный крой обеспечивает не сковывающую движения посадку. Брюки для создания повседневных образов, как деловых, так и менее формальных.</fullDescr>
			<materialDescr>Полиэстер - 59%, Вискоза - 23%, Овечья шерсть - 14%, Эластан - 4%</materialDescr>
			<vatCode>vc_20</vatCode>
			<color>Черный</color>
			<packingUnit>
				<length>0</length>
				<width>0</width>
				<volume>0</volume>
				<weight>0.47</weight>
			</packingUnit>
			<sizesInfo>
				<sizeInfo size="b44eabca-c3f5-11ed-9dde-0050568e2ffe">
					<sizeText>182-100-88, р. 50</sizeText>
					<ean>2040124534409</ean>
					<prices>
						<price id="2b0660e4-0e60-11e4-80c3-0050568d706a">7999</price>
					</prices>
				</sizeInfo>
			</sizesInfo>
			<addFieldValues>
				<field id="af06737a-94a6-473e-bd57-1cc66378d317">false</field>
				<field id="c0ee2f86-a6e0-4b0a-8791-1d37bd665663">Осень Зима 2023</field>
				<field id="85fe09d6-d9c6-4bc8-a947-e1d8893c7d08">20line</field>
			</addFieldValues>
			<stateCodes>
				<tnved>6203431900</tnved>
				<okpd2/>
			</stateCodes>
		</item>
		<item uuid="e46f7435-b8c9-11ed-9ddd-0050568e2ffe">
			<typeItemId>efc7a940-1c50-4e9d-a02d-376c844c3c67</typeItemId>
			<article>ITS0061K9</article>
			<name>Джемпер мужской ITS0061K9 3З6721 Темно-синий</name>
			<fullDescr>Базовый однотонный лонгслив из натурального дышащего хлопка премиального качества. Ткань очень мягкая и тактильно приятная к телу. Она обеспечивает комфортные ощущения во время носки на протяжении всего дня.
Модель полуприлегающего силуэта с  круглым воротом может носиться как отдельное изделие, так и быть элементом многослойного образа. Отлично будет сочетаться с пиджаками и кардиганами.</fullDescr>
			<materialDescr>Хлопок - 100%</materialDescr>
			<vatCode>vc_20</vatCode>
			<color>Темно-синий</color>
			<packingUnit>
				<length>0</length>
				<width>0</width>
				<volume>0</volume>
				<weight>0.285</weight>
			</packingUnit>
			<sizesInfo>
				<sizeInfo size="54577146-c3ee-11ed-9dde-0050568e2ffe">
					<sizeText>182-108-96, р. 54</sizeText>
					<ean>2040123143572</ean>
					<prices>
						<price id="2b0660e4-0e60-11e4-80c3-0050568d706a">3499</price>
					</prices>
				</sizeInfo>
			</sizesInfo>
			<addFieldValues>
				<field id="af06737a-94a6-473e-bd57-1cc66378d317">false</field>
				<field id="c0ee2f86-a6e0-4b0a-8791-1d37bd665663">Осень Зима 2023</field>
				<field id="85fe09d6-d9c6-4bc8-a947-e1d8893c7d08">20line</field>
			</addFieldValues>
			<stateCodes>
				<tnved>6110209100</tnved>
				<okpd2/>
			</stateCodes>
		</item>
		<item uuid="e46f7455-b8c9-11ed-9ddd-0050568e2ffe">
			<typeItemId>efc7a940-1c50-4e9d-a02d-376c844c3c67</typeItemId>
			<article>IVD0013V</article>
			<name>Свитер мужской IVD0013V 3З6729 Бежевый</name>
			<fullDescr>Мягкая фактурная водолазка в мелкий рубчик, которую вы полюбите за простоту, удобство, элегантность и практичность. Эластичный трикотаж не сковывает движений. Созданный из смеси мягкой натуральной шерсти мериноса и акрила, материал поддерживает оптимальную температуру и не препятствует воздухообмену. Полуприлегающий силуэт подчеркнет достоинства мужской фигуры. Водолазка впишется и в повседневный комплект с джинсами, и в нестрогий офисный образ с брюками.</fullDescr>
			<materialDescr>Шерсть мериноса - 50%, Акрил - 50%</materialDescr>
			<vatCode>vc_20</vatCode>
			<color>Бежевый</color>
			<packingUnit>
				<length>0</length>
				<width>0</width>
				<volume>0</volume>
				<weight>0.315</weight>
			</packingUnit>
			<sizesInfo>
				<sizeInfo size="a837e40a-c3f5-11ed-9dde-0050568e2ffe">
					<sizeText>182-96-84, р. 48</sizeText>
					<ean>2040123367879</ean>
					<prices>
						<price id="2b0660e4-0e60-11e4-80c3-0050568d706a">7999</price>
					</prices>
				</sizeInfo>
			</sizesInfo>
			<addFieldValues>
				<field id="af06737a-94a6-473e-bd57-1cc66378d317">false</field>
				<field id="c0ee2f86-a6e0-4b0a-8791-1d37bd665663">Осень Зима 2023</field>
				<field id="85fe09d6-d9c6-4bc8-a947-e1d8893c7d08">20line</field>
			</addFieldValues>
			<stateCodes>
				<tnved>6110309100</tnved>
				<okpd2/>
			</stateCodes>
		</item>
		<item uuid="ec2c7712-bf16-11ed-9ddd-0050568e2ffe">
			<typeItemId>efc7a940-1c50-4e9d-a02d-376c844c3c67</typeItemId>
			<article>ITS0061K9</article>
			<name>Джемпер мужской ITS0061K9 3З6860 Серый</name>
			<fullDescr>Базовый однотонный лонгслив из натурального дышащего хлопка премиального качества. Ткань очень мягкая и тактильно приятная к телу. Она обеспечивает комфортные ощущения во время носки на протяжении всего дня.
Модель полуприлегающего силуэта с  круглым воротом может носиться как отдельное изделие, так и быть элементом многослойного образа. Отлично будет сочетаться с пиджаками и кардиганами.</fullDescr>
			<materialDescr>Хлопок - 100%</materialDescr>
			<vatCode>vc_20</vatCode>
			<color>Серый</color>
			<packingUnit>
				<length>0</length>
				<width>0</width>
				<volume>0</volume>
				<weight>0.285</weight>
			</packingUnit>
			<sizesInfo>
				<sizeInfo size="54577152-c3ee-11ed-9dde-0050568e2ffe">
					<sizeText>182-108-96, р. 54</sizeText>
					<ean>2040123129941</ean>
					<prices>
						<price id="2b0660e4-0e60-11e4-80c3-0050568d706a">3499</price>
					</prices>
				</sizeInfo>
			</sizesInfo>
			<addFieldValues>
				<field id="af06737a-94a6-473e-bd57-1cc66378d317">false</field>
				<field id="c0ee2f86-a6e0-4b0a-8791-1d37bd665663">Осень Зима 2023</field>
				<field id="85fe09d6-d9c6-4bc8-a947-e1d8893c7d08">20line</field>
			</addFieldValues>
			<stateCodes>
				<tnved>6110209100</tnved>
				<okpd2/>
			</stateCodes>
		</item>
	</items>
</productMasterDataRequest>