﻿<?xml version="1.0" encoding="UTF-8"?>
<labelsRequest xmlns="http://service.profashionsolutions.ru/fe770" xmlns:xs="http://www.w3.org/2001/XMLSchema" xmlns:xsi="http://www.w3.org/2001/XMLSchema-instance">
	<labels>
		<labelCode>0104620143955560215012305970356</labelCode>
		<operationType>1</operationType>
		<operationDate>2023-12-11T23:31:00</operationDate>
		<document>
			<date>2023-12-11T23:31:00</date>
			<number>б/н</number>
			<name>Транспортная накладная</name>
		</document>
		<item>
			<name>BL1160K Блузка женская BL1160K 3О4488 Малиновый</name>
			<size>164/170-92-100, р. 46</size>
			<ean>2040120948972</ean>
			<price>1599</price>
		</item>
		<order>
			<date>2023-12-07T19:35:49</date>
			<number>34527S</number>
			<paymentStatus>NotPaid</paymentStatus>
		</order>
		<parcelNumber>44000000019527</parcelNumber>
	</labels>
	<labels>
		<labelCode>0104620143953573215012308020292</labelCode>
		<operationType>1</operationType>
		<operationDate>2023-12-11T23:31:00</operationDate>
		<document>
			<date>2023-12-11T23:31:00</date>
			<number>б/н</number>
			<name>Транспортная накладная</name>
		</document>
		<item>
			<name>KD0057S Куртка женская KD0057S 3О4383 Синий</name>
			<size>164/170-92-100, р. 46</size>
			<ean>2040122381715</ean>
			<price>3999</price>
		</item>
		<order>
			<date>2023-12-10T15:53:09</date>
			<number>35344S</number>
			<paymentStatus>PaidUp</paymentStatus>
		</order>
		<parcelNumber>55000000073857</parcelNumber>
	</labels>
	<labels>
		<labelCode>0104620143953573215012308020292</labelCode>
		<operationType>1</operationType>
		<operationDate>2023-12-11T23:31:00</operationDate>
		<document>
			<date>2023-12-11T23:31:00</date>
			<number>б/н</number>
			<name>Транспортная накладная</name>
		</document>
		<item>
			<name>KD0057S Куртка женская KD0057S 3О4383 Синий</name>
			<size>164/170-92-100, р. 46</size>
			<ean>2040120879368</ean>
			<price>3999</price>
		</item>
		<order>
			<date>2023-12-10T15:53:09</date>
			<number>35344S</number>
			<paymentStatus>PaidUp</paymentStatus>
		</order>
		<parcelNumber>55000000073857</parcelNumber>
	</labels>
	<labels>
		<labelCode>0104620143953573215012308020292</labelCode>
		<operationType>1</operationType>
		<operationDate>2023-12-11T23:31:00</operationDate>
		<document>
			<date>2023-12-11T23:31:00</date>
			<number>б/н</number>
			<name>Транспортная накладная</name>
		</document>
		<item>
			<name>KD0057S Куртка женская KD0057S 3О4383 Синий</name>
			<size>164/170-92-100, р. 46</size>
			<ean>2040121683322</ean>
			<price>3999</price>
		</item>
		<order>
			<date>2023-12-10T15:53:09</date>
			<number>35344S</number>
			<paymentStatus>PaidUp</paymentStatus>
		</order>
		<parcelNumber>55000000073857</parcelNumber>
	</labels>
	<labels>
		<labelCode>0104670185805613215012312090150</labelCode>
		<operationType>1</operationType>
		<operationDate>2023-12-11T23:31:00</operationDate>
		<document>
			<date>2023-12-11T23:31:00</date>
			<number>б/н</number>
			<name>Транспортная накладная</name>
		</document>
		<item>
			<name>BL1143K Блузка женская BL1143K 3О5441 Черный</name>
			<size>164/170-100-108, р. 50</size>
			<ean>2040122877126</ean>
			<price>1599</price>
		</item>
		<order>
			<date>2023-12-07T16:47:13</date>
			<number>34410S</number>
			<paymentStatus>NotPaid</paymentStatus>
		</order>
		<parcelNumber>99000000046170</parcelNumber>
	</labels>
	<labels>
		<labelCode>0104670185805613215012312090150</labelCode>
		<operationType>1</operationType>
		<operationDate>2023-12-11T23:31:00</operationDate>
		<document>
			<date>2023-12-11T23:31:00</date>
			<number>б/н</number>
			<name>Транспортная накладная</name>
		</document>
		<item>
			<name>BL1143K Блузка женская BL1143K 3О5441 Черный</name>
			<size>164/170-100-108, р. 50</size>
			<ean>2040122665761</ean>
			<price>1599</price>
		</item>
		<order>
			<date>2023-12-07T16:47:13</date>
			<number>34410S</number>
			<paymentStatus>NotPaid</paymentStatus>
		</order>
		<parcelNumber>99000000046170</parcelNumber>
	</labels>
	<labels>
		<labelCode>0104670185805491215012321690017</labelCode>
		<operationType>1</operationType>
		<operationDate>2023-12-11T23:31:00</operationDate>
		<document>
			<date>2023-12-11T23:31:00</date>
			<number>б/н</number>
			<name>Транспортная накладная</name>
		</document>
		<item>
			<name>PH0033 Куртка женская PH0033 3О4853 Бежевый</name>
			<size>164/170-88-96, р. 44</size>
			<ean>2040122720675</ean>
			<price>10399</price>
		</item>
		<order>
			<date>2023-12-07T22:58:43</date>
			<number>34702S</number>
			<paymentStatus>NotPaid</paymentStatus>
		</order>
		<parcelNumber>77000000054625</parcelNumber>
	</labels>
	<labels>
		<labelCode>0104670185805491215012321690017</labelCode>
		<operationType>1</operationType>
		<operationDate>2023-12-11T23:31:00</operationDate>
		<document>
			<date>2023-12-11T23:31:00</date>
			<number>б/н</number>
			<name>Транспортная накладная</name>
		</document>
		<item>
			<name>PH0033 Куртка женская PH0033 3О4853 Бежевый</name>
			<size>164/170-88-96, р. 44</size>
			<ean>2040121929970</ean>
			<price>10399</price>
		</item>
		<order>
			<date>2023-12-07T22:58:43</date>
			<number>34702S</number>
			<paymentStatus>NotPaid</paymentStatus>
		</order>
		<parcelNumber>77000000054625</parcelNumber>
	</labels>
	<labels>
		<labelCode>0104670185805491215012321690017</labelCode>
		<operationType>1</operationType>
		<operationDate>2023-12-11T23:31:00</operationDate>
		<document>
			<date>2023-12-11T23:31:00</date>
			<number>б/н</number>
			<name>Транспортная накладная</name>
		</document>
		<item>
			<name>PH0033 Куртка женская PH0033 3О4853 Бежевый</name>
			<size>164/170-88-96, р. 44</size>
			<ean>2040122673117</ean>
			<price>10399</price>
		</item>
		<order>
			<date>2023-12-07T22:58:43</date>
			<number>34702S</number>
			<paymentStatus>NotPaid</paymentStatus>
		</order>
		<parcelNumber>77000000054625</parcelNumber>
	</labels>
	<labels>
		<labelCode>0104670185805491215012321690017</labelCode>
		<operationType>1</operationType>
		<operationDate>2023-12-11T23:31:00</operationDate>
		<document>
			<date>2023-12-11T23:31:00</date>
			<number>б/н</number>
			<name>Транспортная накладная</name>
		</document>
		<item>
			<name>PH0033 Куртка женская PH0033 3О4853 Бежевый</name>
			<size>164/170-88-96, р. 44</size>
			<ean>2040123475963</ean>
			<price>10399</price>
		</item>
		<order>
			<date>2023-12-07T22:58:43</date>
			<number>34702S</number>
			<paymentStatus>NotPaid</paymentStatus>
		</order>
		<parcelNumber>77000000054625</parcelNumber>
	</labels>
</labelsRequest>