﻿<?xml version="1.0" encoding="UTF-8"?>
<shipmentAnnouncementRequest xmlns="http://service.profashionsolutions.ru/fe720_r002" xmlns:xs="http://www.w3.org/2001/XMLSchema" xmlns:xsi="http://www.w3.org/2001/XMLSchema-instance">
	<service>
		<shop>5701</shop>
		<token>gdhdj336adifbs11vcvvrm</token>
		<messageDate>P2023Y12M12DT08H37M45S</messageDate>
		<messageId>74e94816-6666-4656-977e-f6e4850921c2</messageId>
	</service>
	<items>
		<item>
			<uuid>13b94ac7-5b4f-11ed-9ddc-0050568e2ffe</uuid>
			<size>45fa13a8-64cc-11ed-9ddc-0050568e2ffe</size>
			<ean/>
			<quantity>1</quantity>
			<price>7999</price>
			<labelCodes/>
		</item>
		<item>
			<uuid>84560fc3-5b50-11ed-9ddc-0050568e2ffe</uuid>
			<size>32899dfc-8282-11ed-9ddd-0050568e2ffe</size>
			<ean/>
			<quantity>1</quantity>
			<price>7999</price>
			<labelCodes/>
		</item>
		<item>
			<uuid>4e1af3e8-5b51-11ed-9ddc-0050568e2ffe</uuid>
			<size>c32b7ebe-8283-11ed-9ddd-0050568e2ffe</size>
			<ean/>
			<quantity>1</quantity>
			<price>5999</price>
			<labelCodes/>
		</item>
		<item>
			<uuid>be70bb4b-60b0-11ed-9ddc-0050568e2ffe</uuid>
			<size>24f195d9-8284-11ed-9ddd-0050568e2ffe</size>
			<ean/>
			<quantity>1</quantity>
			<price>5999</price>
			<labelCodes/>
		</item>
		<item>
			<uuid>3dec5eb3-63ef-11ed-9ddc-0050568e2ffe</uuid>
			<size>fa2f063a-85e4-11ed-9ddd-0050568e2ffe</size>
			<ean/>
			<quantity>1</quantity>
			<price>3499</price>
			<labelCodes/>
		</item>
		<item>
			<uuid>4263ea4b-7139-11ed-9ddd-0050568e2ffe</uuid>
			<size>d69dbbce-7d3a-11ed-9ddd-0050568e2ffe</size>
			<ean/>
			<quantity>1</quantity>
			<price>5999</price>
			<labelCodes/>
		</item>
		<item>
			<uuid>d562b6c9-8109-11ed-9ddd-0050568e2ffe</uuid>
			<size>fa2f0649-85e4-11ed-9ddd-0050568e2ffe</size>
			<ean/>
			<quantity>1</quantity>
			<price>5999</price>
			<labelCodes/>
		</item>
		<item>
			<uuid>d562b6cd-8109-11ed-9ddd-0050568e2ffe</uuid>
			<size>fa2f0651-85e4-11ed-9ddd-0050568e2ffe</size>
			<ean/>
			<quantity>1</quantity>
			<price>5999</price>
			<labelCodes/>
		</item>
		<item>
			<uuid>d562b6e1-8109-11ed-9ddd-0050568e2ffe</uuid>
			<size>ba09bb8d-867b-11ed-9ddd-0050568e2ffe</size>
			<ean/>
			<quantity>1</quantity>
			<price>19999</price>
			<labelCodes>
				<labelCode>0104670185803671215012310760007</labelCode>
			</labelCodes>
		</item>
		<item>
			<uuid>d562b6e9-8109-11ed-9ddd-0050568e2ffe</uuid>
			<size>ba09bb9a-867b-11ed-9ddd-0050568e2ffe</size>
			<ean/>
			<quantity>1</quantity>
			<price>21999</price>
			<labelCodes>
				<labelCode>0104620143956536215012321650027</labelCode>
			</labelCodes>
		</item>
		<item>
			<uuid>d562b6e9-8109-11ed-9ddd-0050568e2ffe</uuid>
			<size>ba09bb9b-867b-11ed-9ddd-0050568e2ffe</size>
			<ean/>
			<quantity>1</quantity>
			<price>21999</price>
			<labelCodes>
				<labelCode>0104620143956550215012321650055</labelCode>
			</labelCodes>
		</item>
		<item>
			<uuid>7368a45d-810a-11ed-9ddd-0050568e2ffe</uuid>
			<size>ba09bba1-867b-11ed-9ddd-0050568e2ffe</size>
			<ean/>
			<quantity>1</quantity>
			<price>21999</price>
			<labelCodes>
				<labelCode>0104620143956611215012321650037</labelCode>
			</labelCodes>
		</item>
		<item>
			<uuid>cad440bf-810a-11ed-9ddd-0050568e2ffe</uuid>
			<size>b1acfd34-85ea-11ed-9ddd-0050568e2ffe</size>
			<ean/>
			<quantity>1</quantity>
			<price>6999</price>
			<labelCodes/>
		</item>
		<item>
			<uuid>7877c2e5-810e-11ed-9ddd-0050568e2ffe</uuid>
			<size>3ea72e33-85ee-11ed-9ddd-0050568e2ffe</size>
			<ean/>
			<quantity>5</quantity>
			<price>13999</price>
			<labelCodes/>
		</item>
		<item>
			<uuid>6ab77d9d-8113-11ed-9ddd-0050568e2ffe</uuid>
			<size>c6a67188-8286-11ed-9ddd-0050568e2ffe</size>
			<ean/>
			<quantity>1</quantity>
			<price>2999</price>
			<labelCodes>
				<labelCode>0104620143990066215012307870260</labelCode>
			</labelCodes>
		</item>
		<item>
			<uuid>6ab77d9d-8113-11ed-9ddd-0050568e2ffe</uuid>
			<size>c6a6718a-8286-11ed-9ddd-0050568e2ffe</size>
			<ean/>
			<quantity>1</quantity>
			<price>2999</price>
			<labelCodes>
				<labelCode>0104620143990288215012307870037</labelCode>
			</labelCodes>
		</item>
		<item>
			<uuid>07a50e6c-8130-11ed-9ddd-0050568e2ffe</uuid>
			<size>6f6b4fe1-85ee-11ed-9ddd-0050568e2ffe</size>
			<ean/>
			<quantity>7</quantity>
			<price>1999</price>
			<labelCodes/>
		</item>
		<item>
			<uuid>07a50e6c-8130-11ed-9ddd-0050568e2ffe</uuid>
			<size>6f6b4fe2-85ee-11ed-9ddd-0050568e2ffe</size>
			<ean/>
			<quantity>1</quantity>
			<price>1999</price>
			<labelCodes/>
		</item>
		<item>
			<uuid>85763268-8130-11ed-9ddd-0050568e2ffe</uuid>
			<size>a38e16b9-867b-11ed-9ddd-0050568e2ffe</size>
			<ean/>
			<quantity>2</quantity>
			<price>7999</price>
			<labelCodes/>
		</item>
		<item>
			<uuid>b2f0d953-8135-11ed-9ddd-0050568e2ffe</uuid>
			<size>760c32f0-85e6-11ed-9ddd-0050568e2ffe</size>
			<ean/>
			<quantity>1</quantity>
			<price>6999</price>
			<labelCodes/>
		</item>
		<item>
			<uuid>b2f0d977-8135-11ed-9ddd-0050568e2ffe</uuid>
			<size>744f05c5-85ea-11ed-9ddd-0050568e2ffe</size>
			<ean/>
			<quantity>1</quantity>
			<price>6999</price>
			<labelCodes/>
		</item>
		<item>
			<uuid>b2f0d977-8135-11ed-9ddd-0050568e2ffe</uuid>
			<size>744f05c6-85ea-11ed-9ddd-0050568e2ffe</size>
			<ean/>
			<quantity>1</quantity>
			<price>6999</price>
			<labelCodes/>
		</item>
		<item>
			<uuid>649ce6d7-8138-11ed-9ddd-0050568e2ffe</uuid>
			<size>b1acfd40-85ea-11ed-9ddd-0050568e2ffe</size>
			<ean/>
			<quantity>1</quantity>
			<price>6999</price>
			<labelCodes/>
		</item>
		<item>
			<uuid>b9bed738-8678-11ed-9ddd-0050568e2ffe</uuid>
			<size>37ad2aee-934a-11ed-9ddd-0050568e2ffe</size>
			<ean/>
			<quantity>2</quantity>
			<price>11999</price>
			<labelCodes>
				<labelCode>0104670185805293215012321530014</labelCode>
				<labelCode>0104670185805293215012321530037</labelCode>
			</labelCodes>
		</item>
		<item>
			<uuid>b9bed738-8678-11ed-9ddd-0050568e2ffe</uuid>
			<size>37ad2aef-934a-11ed-9ddd-0050568e2ffe</size>
			<ean/>
			<quantity>1</quantity>
			<price>11999</price>
			<labelCodes>
				<labelCode>0104670185805309215012321530164</labelCode>
			</labelCodes>
		</item>
		<item>
			<uuid>b9bed738-8678-11ed-9ddd-0050568e2ffe</uuid>
			<size>37ad2af0-934a-11ed-9ddd-0050568e2ffe</size>
			<ean/>
			<quantity>3</quantity>
			<price>11999</price>
			<labelCodes>
				<labelCode>0104670185805279215012321530115</labelCode>
				<labelCode>0104670185805279215012321530197</labelCode>
				<labelCode>0104670185805279215012321530251</labelCode>
			</labelCodes>
		</item>
		<item>
			<uuid>b9bed738-8678-11ed-9ddd-0050568e2ffe</uuid>
			<size>37ad2af1-934a-11ed-9ddd-0050568e2ffe</size>
			<ean/>
			<quantity>3</quantity>
			<price>11999</price>
			<labelCodes>
				<labelCode>0104670185805316215012321530081</labelCode>
				<labelCode>0104670185805316215012321530153</labelCode>
				<labelCode>0104670185805316215012321530158</labelCode>
			</labelCodes>
		</item>
		<item>
			<uuid>610c7af8-b8c3-11ed-9ddd-0050568e2ffe</uuid>
			<size>c671f528-c3d0-11ed-9dde-0050568e2ffe</size>
			<ean/>
			<quantity>1</quantity>
			<price>8999</price>
			<labelCodes/>
		</item>
		<item>
			<uuid>b547d70e-b8c3-11ed-9ddd-0050568e2ffe</uuid>
			<size>763e153d-c3ee-11ed-9dde-0050568e2ffe</size>
			<ean/>
			<quantity>1</quantity>
			<price>6999</price>
			<labelCodes/>
		</item>
		<item>
			<uuid>b547d70e-b8c3-11ed-9ddd-0050568e2ffe</uuid>
			<size>763e153e-c3ee-11ed-9dde-0050568e2ffe</size>
			<ean/>
			<quantity>1</quantity>
			<price>6999</price>
			<labelCodes/>
		</item>
		<item>
			<uuid>e4e9d4b6-b8c6-11ed-9ddd-0050568e2ffe</uuid>
			<size>a636ede2-c3e5-11ed-9dde-0050568e2ffe</size>
			<ean/>
			<quantity>2</quantity>
			<price>3999</price>
			<labelCodes/>
		</item>
		<item>
			<uuid>48c39dc5-b8c7-11ed-9ddd-0050568e2ffe</uuid>
			<size>f8a2bc24-b98c-11ed-9ddd-0050568e2ffe</size>
			<ean/>
			<quantity>2</quantity>
			<price>7999</price>
			<labelCodes/>
		</item>
		<item>
			<uuid>a7c1a86c-b8c8-11ed-9ddd-0050568e2ffe</uuid>
			<size>a837e3f5-c3f5-11ed-9dde-0050568e2ffe</size>
			<ean/>
			<quantity>2</quantity>
			<price>8999</price>
			<labelCodes/>
		</item>
		<item>
			<uuid>a7c1a874-b8c8-11ed-9ddd-0050568e2ffe</uuid>
			<size>337b3919-c3e3-11ed-9dde-0050568e2ffe</size>
			<ean/>
			<quantity>2</quantity>
			<price>27999</price>
			<labelCodes>
				<labelCode>0104670185809673215012314500038</labelCode>
				<labelCode>0104670185809673215012314500039</labelCode>
			</labelCodes>
		</item>
		<item>
			<uuid>a7c1a874-b8c8-11ed-9ddd-0050568e2ffe</uuid>
			<size>337b391b-c3e3-11ed-9dde-0050568e2ffe</size>
			<ean/>
			<quantity>1</quantity>
			<price>27999</price>
			<labelCodes>
				<labelCode>0104670185809697215012314500043</labelCode>
			</labelCodes>
		</item>
		<item>
			<uuid>a7c1a874-b8c8-11ed-9ddd-0050568e2ffe</uuid>
			<size>337b391c-c3e3-11ed-9dde-0050568e2ffe</size>
			<ean/>
			<quantity>1</quantity>
			<price>27999</price>
			<labelCodes>
				<labelCode>0104670185809703215012314500053</labelCode>
			</labelCodes>
		</item>
		<item>
			<uuid>a7c1a878-b8c8-11ed-9ddd-0050568e2ffe</uuid>
			<size>a837e3fa-c3f5-11ed-9dde-0050568e2ffe</size>
			<ean/>
			<quantity>1</quantity>
			<price>8999</price>
			<labelCodes/>
		</item>
		<item>
			<uuid>28f6ac8d-b8c9-11ed-9ddd-0050568e2ffe</uuid>
			<size>763e1543-c3ee-11ed-9dde-0050568e2ffe</size>
			<ean/>
			<quantity>1</quantity>
			<price>5999</price>
			<labelCodes/>
		</item>
		<item>
			<uuid>28f6acb1-b8c9-11ed-9ddd-0050568e2ffe</uuid>
			<size>b44eabb0-c3f5-11ed-9dde-0050568e2ffe</size>
			<ean/>
			<quantity>1</quantity>
			<price>5999</price>
			<labelCodes/>
		</item>
		<item>
			<uuid>8b236a42-b8c9-11ed-9ddd-0050568e2ffe</uuid>
			<size>763e1528-c3ee-11ed-9dde-0050568e2ffe</size>
			<ean/>
			<quantity>1</quantity>
			<price>7999</price>
			<labelCodes/>
		</item>
		<item>
			<uuid>8b236a4a-b8c9-11ed-9ddd-0050568e2ffe</uuid>
			<size>54403939-c3f2-11ed-9dde-0050568e2ffe</size>
			<ean/>
			<quantity>1</quantity>
			<price>9999</price>
			<labelCodes/>
		</item>
		<item>
			<uuid>e46f7429-b8c9-11ed-9ddd-0050568e2ffe</uuid>
			<size>b44eabca-c3f5-11ed-9dde-0050568e2ffe</size>
			<ean/>
			<quantity>1</quantity>
			<price>7999</price>
			<labelCodes/>
		</item>
		<item>
			<uuid>e46f7435-b8c9-11ed-9ddd-0050568e2ffe</uuid>
			<size>54577146-c3ee-11ed-9dde-0050568e2ffe</size>
			<ean/>
			<quantity>1</quantity>
			<price>3499</price>
			<labelCodes/>
		</item>
		<item>
			<uuid>e46f7455-b8c9-11ed-9ddd-0050568e2ffe</uuid>
			<size>a837e40a-c3f5-11ed-9dde-0050568e2ffe</size>
			<ean/>
			<quantity>1</quantity>
			<price>7999</price>
			<labelCodes/>
		</item>
		<item>
			<uuid>ec2c7712-bf16-11ed-9ddd-0050568e2ffe</uuid>
			<size>54577152-c3ee-11ed-9dde-0050568e2ffe</size>
			<ean/>
			<quantity>1</quantity>
			<price>3499</price>
			<labelCodes/>
		</item>
	</items>
</shipmentAnnouncementRequest>